{
  "seed":1289858272,
  "pop":1000000,
  "Source_batches":5,
  "Time_increment":1.00000E-05,
  "Time_bins":70,
  "Total_CPU_Time":3.39096E+03,
  "Transport_time":2.33215E+02,
  "batchSize":1,
  "flux_time":{
    "TimeBounds":[[0.00000E+00,1.00000E-05],[1.00000E-05,2.00000E-05],[2.00000E-05,3.00000E-05],[3.00000E-05,4.00000E-05],[4.00000E-05,5.00000E-05],[5.00000E-05,6.00000E-05],[6.00000E-05,7.00000E-05],[7.00000E-05,8.00000E-05],[8.00000E-05,9.00000E-05],[9.00000E-05,1.00000E-04],[1.00000E-04,1.10000E-04],[1.10000E-04,1.20000E-04],[1.20000E-04,1.30000E-04],[1.30000E-04,1.40000E-04],[1.40000E-04,1.50000E-04],[1.50000E-04,1.60000E-04],[1.60000E-04,1.70000E-04],[1.70000E-04,1.80000E-04],[1.80000E-04,1.90000E-04],[1.90000E-04,2.00000E-04],[2.00000E-04,2.10000E-04],[2.10000E-04,2.20000E-04],[2.20000E-04,2.30000E-04],[2.30000E-04,2.40000E-04],[2.40000E-04,2.50000E-04],[2.50000E-04,2.60000E-04],[2.60000E-04,2.70000E-04],[2.70000E-04,2.80000E-04],[2.80000E-04,2.90000E-04],[2.90000E-04,3.00000E-04],[3.00000E-04,3.10000E-04],[3.10000E-04,3.20000E-04],[3.20000E-04,3.30000E-04],[3.30000E-04,3.40000E-04],[3.40000E-04,3.50000E-04],[3.50000E-04,3.60000E-04],[3.60000E-04,3.70000E-04],[3.70000E-04,3.80000E-04],[3.80000E-04,3.90000E-04],[3.90000E-04,4.00000E-04],[4.00000E-04,4.10000E-04],[4.10000E-04,4.20000E-04],[4.20000E-04,4.30000E-04],[4.30000E-04,4.40000E-04],[4.40000E-04,4.50000E-04],[4.50000E-04,4.60000E-04],[4.60000E-04,4.70000E-04],[4.70000E-04,4.80000E-04],[4.80000E-04,4.90000E-04],[4.90000E-04,5.00000E-04],[5.00000E-04,5.10000E-04],[5.10000E-04,5.20000E-04],[5.20000E-04,5.30000E-04],[5.30000E-04,5.40000E-04],[5.40000E-04,5.50000E-04],[5.50000E-04,5.60000E-04],[5.60000E-04,5.70000E-04],[5.70000E-04,5.80000E-04],[5.80000E-04,5.90000E-04],[5.90000E-04,6.00000E-04],[6.00000E-04,6.10000E-04],[6.10000E-04,6.20000E-04],[6.20000E-04,6.30000E-04],[6.30000E-04,6.40000E-04],[6.40000E-04,6.50000E-04],[6.50000E-04,6.60000E-04],[6.60000E-04,6.70000E-04],[6.70000E-04,6.80000E-04],[6.80000E-04,6.90000E-04],[6.90000E-04,7.00000E-04]],
    "Res":[[[3.61523E+07,7.71654E+03]],[[1.81193E+04,1.52192E+02]],[[1.20340E+04,6.38871E+01]],[[9.92204E+03,5.96181E+01]],[[8.67823E+03,4.70469E+01]],[[7.83288E+03,3.70465E+01]],[[7.18266E+03,3.14264E+01]],[[6.62922E+03,3.21852E+01]],[[6.13474E+03,2.83250E+01]],[[5.67804E+03,3.11255E+01]],[[5.26049E+03,2.86670E+01]],[[4.86395E+03,2.60978E+01]],[[4.48244E+03,2.39016E+01]],[[4.12723E+03,2.26584E+01]],[[3.78769E+03,2.07797E+01]],[[3.47681E+03,1.87251E+01]],[[3.18410E+03,1.64900E+01]],[[2.91008E+03,1.55240E+01]],[[2.65993E+03,1.29337E+01]],[[2.42889E+03,1.17026E+01]],[[2.21503E+03,1.21020E+01]],[[2.01871E+03,1.10478E+01]],[[1.83943E+03,9.47785E+00]],[[1.67588E+03,9.54910E+00]],[[1.52612E+03,8.36430E+00]],[[1.38889E+03,6.51659E+00]],[[1.26463E+03,6.06531E+00]],[[1.15094E+03,5.53234E+00]],[[1.04718E+03,5.46917E+00]],[[9.53626E+02,5.43097E+00]],[[8.68282E+02,4.54823E+00]],[[7.90817E+02,3.55873E+00]],[[7.20186E+02,3.36633E+00]],[[6.55450E+02,2.96411E+00]],[[5.96336E+02,2.90725E+00]],[[5.42697E+02,2.18274E+00]],[[4.93773E+02,1.81907E+00]],[[4.49446E+02,1.84967E+00]],[[4.09682E+02,1.80745E+00]],[[3.73645E+02,1.80332E+00]],[[3.40486E+02,1.53755E+00]],[[3.10040E+02,1.56973E+00]],[[2.82193E+02,1.55452E+00]],[[2.56742E+02,1.48747E+00]],[[2.33944E+02,1.22982E+00]],[[2.13025E+02,1.15890E+00]],[[1.94242E+02,1.07481E+00]],[[1.77091E+02,9.51222E-01]],[[1.61380E+02,7.61793E-01]],[[1.47306E+02,7.53088E-01]],[[1.34423E+02,5.59855E-01]],[[1.22646E+02,5.15125E-01]],[[1.11858E+02,5.12143E-01]],[[1.01973E+02,5.75271E-01]],[[9.29545E+01,5.16493E-01]],[[8.48054E+01,5.50016E-01]],[[7.73100E+01,4.97895E-01]],[[7.03248E+01,4.92109E-01]],[[6.41497E+01,4.50123E-01]],[[5.85221E+01,3.61148E-01]],[[5.33866E+01,3.27191E-01]],[[4.86912E+01,3.17873E-01]],[[4.43770E+01,2.84539E-01]],[[4.05080E+01,2.67901E-01]],[[3.69453E+01,2.30179E-01]],[[3.36700E+01,2.03029E-01]],[[3.06976E+01,1.98437E-01]],[[2.79910E+01,1.82800E-01]],[[2.55721E+01,1.51659E-01]],[[2.33612E+01,1.44138E-01]]]
  }
}
