{
  "seed":-72666389,
  "pop":100000,
  "Source_batches":3,
  "Time_increment":1.00000E-05,
  "Time_bins":70,
  "Total_CPU_Time":5.44782E+02,
  "Transport_time":3.45934E+01,
  "batchSize":1,
  "flux_time":{
    "TimeBounds":[[0.00000E+00,1.00000E-05],[1.00000E-05,2.00000E-05],[2.00000E-05,3.00000E-05],[3.00000E-05,4.00000E-05],[4.00000E-05,5.00000E-05],[5.00000E-05,6.00000E-05],[6.00000E-05,7.00000E-05],[7.00000E-05,8.00000E-05],[8.00000E-05,9.00000E-05],[9.00000E-05,1.00000E-04],[1.00000E-04,1.10000E-04],[1.10000E-04,1.20000E-04],[1.20000E-04,1.30000E-04],[1.30000E-04,1.40000E-04],[1.40000E-04,1.50000E-04],[1.50000E-04,1.60000E-04],[1.60000E-04,1.70000E-04],[1.70000E-04,1.80000E-04],[1.80000E-04,1.90000E-04],[1.90000E-04,2.00000E-04],[2.00000E-04,2.10000E-04],[2.10000E-04,2.20000E-04],[2.20000E-04,2.30000E-04],[2.30000E-04,2.40000E-04],[2.40000E-04,2.50000E-04],[2.50000E-04,2.60000E-04],[2.60000E-04,2.70000E-04],[2.70000E-04,2.80000E-04],[2.80000E-04,2.90000E-04],[2.90000E-04,3.00000E-04],[3.00000E-04,3.10000E-04],[3.10000E-04,3.20000E-04],[3.20000E-04,3.30000E-04],[3.30000E-04,3.40000E-04],[3.40000E-04,3.50000E-04],[3.50000E-04,3.60000E-04],[3.60000E-04,3.70000E-04],[3.70000E-04,3.80000E-04],[3.80000E-04,3.90000E-04],[3.90000E-04,4.00000E-04],[4.00000E-04,4.10000E-04],[4.10000E-04,4.20000E-04],[4.20000E-04,4.30000E-04],[4.30000E-04,4.40000E-04],[4.40000E-04,4.50000E-04],[4.50000E-04,4.60000E-04],[4.60000E-04,4.70000E-04],[4.70000E-04,4.80000E-04],[4.80000E-04,4.90000E-04],[4.90000E-04,5.00000E-04],[5.00000E-04,5.10000E-04],[5.10000E-04,5.20000E-04],[5.20000E-04,5.30000E-04],[5.30000E-04,5.40000E-04],[5.40000E-04,5.50000E-04],[5.50000E-04,5.60000E-04],[5.60000E-04,5.70000E-04],[5.70000E-04,5.80000E-04],[5.80000E-04,5.90000E-04],[5.90000E-04,6.00000E-04],[6.00000E-04,6.10000E-04],[6.10000E-04,6.20000E-04],[6.20000E-04,6.30000E-04],[6.30000E-04,6.40000E-04],[6.40000E-04,6.50000E-04],[6.50000E-04,6.60000E-04],[6.60000E-04,6.70000E-04],[6.70000E-04,6.80000E-04],[6.80000E-04,6.90000E-04],[6.90000E-04,7.00000E-04]],
    "Res":[[[3.61009E+01,2.09816E-01]],[[1.87314E-02,2.15067E-04]],[[1.16872E-02,8.14333E-05]],[[9.78012E-03,4.96002E-05]],[[8.52632E-03,3.28917E-05]],[[7.83814E-03,2.59557E-05]],[[7.16343E-03,2.18358E-05]],[[6.65769E-03,1.94071E-05]],[[6.22054E-03,1.76500E-05]],[[5.79238E-03,1.67975E-05]],[[5.40510E-03,1.47545E-05]],[[4.99052E-03,1.41240E-05]],[[4.58289E-03,1.29944E-05]],[[4.18190E-03,1.13923E-05]],[[3.82989E-03,1.04941E-05]],[[3.45830E-03,9.95958E-06]],[[3.15856E-03,8.98206E-06]],[[2.87565E-03,8.04830E-06]],[[2.64182E-03,7.63328E-06]],[[2.41570E-03,6.97793E-06]],[[2.21153E-03,6.36594E-06]],[[2.01935E-03,5.76833E-06]],[[1.84299E-03,5.39023E-06]],[[1.66902E-03,5.04934E-06]],[[1.51527E-03,4.65242E-06]],[[1.38332E-03,4.19206E-06]],[[1.25505E-03,3.91011E-06]],[[1.14080E-03,3.45641E-06]],[[1.03873E-03,3.09989E-06]],[[9.45141E-04,2.84740E-06]],[[8.61073E-04,2.69484E-06]],[[7.85213E-04,2.45337E-06]],[[7.16892E-04,2.23545E-06]],[[6.49809E-04,2.03066E-06]],[[5.91228E-04,1.82553E-06]],[[5.37510E-04,1.71352E-06]],[[4.89470E-04,1.56756E-06]],[[4.46449E-04,1.44684E-06]],[[4.06544E-04,1.31551E-06]],[[3.69681E-04,1.23301E-06]],[[3.35932E-04,1.09058E-06]],[[3.06232E-04,1.00133E-06]],[[2.79338E-04,9.36113E-07]],[[2.53948E-04,8.60803E-07]],[[2.31495E-04,7.75695E-07]],[[2.10498E-04,7.02576E-07]],[[1.91767E-04,6.49475E-07]],[[1.75235E-04,5.99296E-07]],[[1.59986E-04,5.37813E-07]],[[1.46057E-04,4.94286E-07]],[[1.32689E-04,4.64478E-07]],[[1.20864E-04,4.18682E-07]],[[1.10467E-04,3.94446E-07]],[[1.00791E-04,3.49276E-07]],[[9.21941E-05,3.30571E-07]],[[8.39925E-05,3.07391E-07]],[[7.65731E-05,2.80278E-07]],[[6.97565E-05,2.59462E-07]],[[6.35467E-05,2.35326E-07]],[[5.77161E-05,2.14199E-07]],[[5.27814E-05,1.95480E-07]],[[4.80221E-05,1.79011E-07]],[[4.40213E-05,1.64316E-07]],[[4.00823E-05,1.55679E-07]],[[3.66599E-05,1.44799E-07]],[[3.34731E-05,1.30281E-07]],[[3.05308E-05,1.18241E-07]],[[2.77973E-05,1.10123E-07]],[[2.52055E-05,9.92866E-08]],[[2.28901E-05,9.27077E-08]]],
    "FoM":[[2.37054E+01],[1.17065E+04],[5.09465E+04],[1.14917E+05],[2.27822E+05],[3.36322E+05],[4.34300E+05],[5.10985E+05],[5.77225E+05],[5.93435E+05],[7.17732E+05],[7.23168E+05],[7.84574E+05],[9.31442E+05],[1.00532E+06],[1.00783E+06],[1.13173E+06],[1.28332E+06],[1.31066E+06],[1.43416E+06],[1.57752E+06],[1.75437E+06],[1.83365E+06],[1.89235E+06],[2.02367E+06],[2.27550E+06],[2.37295E+06],[2.76035E+06],[3.12476E+06],[3.36982E+06],[3.42754E+06],[3.77110E+06],[4.14697E+06],[4.55533E+06],[5.12844E+06],[5.29192E+06],[5.75815E+06],[6.16505E+06],[6.79084E+06],[7.02915E+06],[8.16475E+06],[8.82875E+06],[9.21470E+06],[9.90703E+06],[1.11216E+07],[1.23273E+07],[1.31419E+07],[1.41041E+07],[1.59892E+07],[1.72812E+07],[1.77792E+07],[1.99313E+07],[2.05242E+07],[2.38832E+07],[2.43883E+07],[2.56961E+07],[2.81777E+07],[2.99533E+07],[3.31711E+07],[3.63639E+07],[3.99284E+07],[4.33201E+07],[4.71312E+07],[4.78079E+07],[5.05438E+07],[5.70084E+07],[6.31267E+07],[6.62597E+07],[7.39132E+07],[7.69880E+07]],
    "SimTime":[3.45934E+01],
    "biasedRes":[[[3.60854E+01,9.29754E-02]],[[1.87170E-02,9.93191E-05]],[[1.16899E-02,3.73005E-05]],[[9.78213E-03,2.18119E-05]],[[8.52648E-03,1.33074E-05]],[[7.83688E-03,1.07504E-05]],[[7.16681E-03,9.70324E-06]],[[6.65880E-03,8.16127E-06]],[[6.22254E-03,7.59363E-06]],[[5.79311E-03,8.10164E-06]],[[5.40461E-03,5.81555E-06]],[[4.99098E-03,6.59087E-06]],[[4.58146E-03,5.94204E-06]],[[4.18043E-03,4.50471E-06]],[[3.82882E-03,4.42736E-06]],[[3.45782E-03,4.57157E-06]],[[3.15950E-03,4.01409E-06]],[[2.87593E-03,3.33869E-06]],[[2.64224E-03,3.49658E-06]],[[2.41536E-03,3.10551E-06]],[[2.21105E-03,2.73745E-06]],[[2.02024E-03,2.32569E-06]],[[1.84321E-03,2.37234E-06]],[[1.66835E-03,2.21926E-06]],[[1.51515E-03,2.21905E-06]],[[1.38381E-03,1.90529E-06]],[[1.25476E-03,1.78012E-06]],[[1.14112E-03,1.55286E-06]],[[1.03830E-03,1.28365E-06]],[[9.45528E-04,1.16193E-06]],[[8.61352E-04,1.28818E-06]],[[7.85576E-04,1.13938E-06]],[[7.16780E-04,9.87027E-07]],[[6.49780E-04,8.77908E-07]],[[5.91430E-04,7.61074E-07]],[[5.37295E-04,7.51393E-07]],[[4.89458E-04,7.08834E-07]],[[4.46377E-04,6.71358E-07]],[[4.06520E-04,5.90622E-07]],[[3.69621E-04,5.93396E-07]],[[3.35983E-04,4.68840E-07]],[[3.06194E-04,4.37781E-07]],[[2.79345E-04,4.36678E-07]],[[2.53919E-04,4.14547E-07]],[[2.31534E-04,3.44874E-07]],[[2.10534E-04,2.99345E-07]],[[1.91787E-04,2.85896E-07]],[[1.75216E-04,2.75083E-07]],[[1.60018E-04,2.21365E-07]],[[1.46084E-04,2.00685E-07]],[[1.32731E-04,2.03390E-07]],[[1.20864E-04,1.76747E-07]],[[1.10534E-04,1.85123E-07]],[[1.00814E-04,1.37626E-07]],[[9.22025E-05,1.44865E-07]],[[8.40168E-05,1.41498E-07]],[[7.65463E-05,1.24039E-07]],[[6.97510E-05,1.23382E-07]],[[6.35078E-05,1.03252E-07]],[[5.77268E-05,9.38495E-08]],[[5.27767E-05,8.36146E-08]],[[4.80205E-05,7.74764E-08]],[[4.40050E-05,6.92726E-08]],[[4.00764E-05,7.16692E-08]],[[3.66745E-05,6.93593E-08]],[[3.34703E-05,5.76205E-08]],[[3.05386E-05,4.97708E-08]],[[2.77927E-05,4.95347E-08]],[[2.52172E-05,4.13878E-08]],[[2.28978E-05,4.10535E-08]]],