{
  "seed":-481007652,
  "pop":1000000,
  "Source_batches":5,
  "Time_increment":1.00000E-05,
  "Time_bins":70,
  "Total_CPU_Time":4.78968E+01,
  "Transport_time":0.00000E+00,
  "batchSize":5,
  "flux_time":{
    "TimeBounds":[[0.00000E+00,1.00000E-05],[1.00000E-05,2.00000E-05],[2.00000E-05,3.00000E-05],[3.00000E-05,4.00000E-05],[4.00000E-05,5.00000E-05],[5.00000E-05,6.00000E-05],[6.00000E-05,7.00000E-05],[7.00000E-05,8.00000E-05],[8.00000E-05,9.00000E-05],[9.00000E-05,1.00000E-04],[1.00000E-04,1.10000E-04],[1.10000E-04,1.20000E-04],[1.20000E-04,1.30000E-04],[1.30000E-04,1.40000E-04],[1.40000E-04,1.50000E-04],[1.50000E-04,1.60000E-04],[1.60000E-04,1.70000E-04],[1.70000E-04,1.80000E-04],[1.80000E-04,1.90000E-04],[1.90000E-04,2.00000E-04],[2.00000E-04,2.10000E-04],[2.10000E-04,2.20000E-04],[2.20000E-04,2.30000E-04],[2.30000E-04,2.40000E-04],[2.40000E-04,2.50000E-04],[2.50000E-04,2.60000E-04],[2.60000E-04,2.70000E-04],[2.70000E-04,2.80000E-04],[2.80000E-04,2.90000E-04],[2.90000E-04,3.00000E-04],[3.00000E-04,3.10000E-04],[3.10000E-04,3.20000E-04],[3.20000E-04,3.30000E-04],[3.30000E-04,3.40000E-04],[3.40000E-04,3.50000E-04],[3.50000E-04,3.60000E-04],[3.60000E-04,3.70000E-04],[3.70000E-04,3.80000E-04],[3.80000E-04,3.90000E-04],[3.90000E-04,4.00000E-04],[4.00000E-04,4.10000E-04],[4.10000E-04,4.20000E-04],[4.20000E-04,4.30000E-04],[4.30000E-04,4.40000E-04],[4.40000E-04,4.50000E-04],[4.50000E-04,4.60000E-04],[4.60000E-04,4.70000E-04],[4.70000E-04,4.80000E-04],[4.80000E-04,4.90000E-04],[4.90000E-04,5.00000E-04],[5.00000E-04,5.10000E-04],[5.10000E-04,5.20000E-04],[5.20000E-04,5.30000E-04],[5.30000E-04,5.40000E-04],[5.40000E-04,5.50000E-04],[5.50000E-04,5.60000E-04],[5.60000E-04,5.70000E-04],[5.70000E-04,5.80000E-04],[5.80000E-04,5.90000E-04],[5.90000E-04,6.00000E-04],[6.00000E-04,6.10000E-04],[6.10000E-04,6.20000E-04],[6.20000E-04,6.30000E-04],[6.30000E-04,6.40000E-04],[6.40000E-04,6.50000E-04],[6.50000E-04,6.60000E-04],[6.60000E-04,6.70000E-04],[6.70000E-04,6.80000E-04],[6.80000E-04,6.90000E-04],[6.90000E-04,7.00000E-04]],
    "Res":[[[4.45852E+07,1.83377E+04]],[[8.51313E+04,6.70774E+02]],[[5.10263E+04,4.94913E+02]],[[3.80130E+04,5.99675E+02]],[[3.09926E+04,2.86751E+02]],[[2.66703E+04,3.29982E+02]],[[2.35810E+04,2.25601E+02]],[[2.13706E+04,2.20245E+02]],[[1.99684E+04,1.62052E+02]],[[1.87909E+04,1.95511E+02]],[[1.76827E+04,1.20514E+02]],[[1.68739E+04,2.19992E+02]],[[1.60623E+04,1.56218E+02]],[[1.54222E+04,1.49281E+02]],[[1.48155E+04,1.71499E+02]],[[1.43050E+04,2.01411E+02]],[[1.37056E+04,1.65478E+02]],[[1.32838E+04,1.91071E+02]],[[1.28128E+04,1.36734E+02]],[[1.23964E+04,1.55933E+02]],[[1.20113E+04,1.05795E+02]],[[1.15788E+04,1.01598E+02]],[[1.12188E+04,8.27419E+01]],[[1.08182E+04,1.31828E+02]],[[1.05375E+04,8.85601E+01]],[[1.01804E+04,1.27523E+02]],[[9.86332E+03,1.20772E+02]],[[9.54399E+03,8.25009E+01]],[[9.23034E+03,9.02564E+01]],[[9.09102E+03,9.23680E+01]],[[8.78743E+03,6.97743E+01]],[[8.48159E+03,1.26619E+02]],[[8.30016E+03,8.74589E+01]],[[8.02605E+03,5.79396E+01]],[[7.90296E+03,6.56350E+01]],[[7.67845E+03,6.29091E+01]],[[7.49110E+03,2.52527E+01]],[[7.26298E+03,6.11952E+01]],[[7.08298E+03,8.76748E+01]],[[6.88225E+03,4.24220E+01]],[[6.69125E+03,4.98277E+01]],[[6.56391E+03,2.15215E+01]],[[6.33329E+03,2.87375E+01]],[[6.21236E+03,5.96816E+01]],[[6.05182E+03,3.93571E+01]],[[5.94853E+03,5.02236E+01]],[[5.77729E+03,2.36262E+01]],[[5.63577E+03,5.72852E+01]],[[5.44411E+03,7.12632E+01]],[[5.39058E+03,5.16460E+01]],[[5.29696E+03,6.55457E+01]],[[5.19817E+03,6.80190E+01]],[[5.01632E+03,6.95450E+01]],[[4.94145E+03,1.00982E+02]],[[4.81552E+03,8.04801E+01]],[[4.76127E+03,6.90309E+01]],[[4.62427E+03,1.03668E+02]],[[4.50866E+03,6.58814E+01]],[[4.43341E+03,5.88808E+01]],[[4.34546E+03,6.87123E+01]],[[4.22982E+03,9.37424E+01]],[[4.11012E+03,6.14291E+01]],[[4.00968E+03,6.31398E+01]],[[3.94812E+03,6.46334E+01]],[[3.86144E+03,6.74984E+01]],[[3.74756E+03,4.33315E+01]],[[3.69239E+03,6.28959E+01]],[[3.55212E+03,6.70836E+01]],[[3.48782E+03,5.44234E+01]],[[3.39995E+03,3.43936E+01]]]
  }
}
