{
  "seed":2126303119,
  "pop":1000000,
  "Source_batches":3,
  "Time_increment":1.00000E-05,
  "Time_bins":70,
  "Total_CPU_Time":1.03825E+04,
  "Transport_time":6.98011E+02,
  "batchSize":1,
  "flux_time":{
    "TimeBounds":[[0.00000E+00,1.00000E-05],[1.00000E-05,2.00000E-05],[2.00000E-05,3.00000E-05],[3.00000E-05,4.00000E-05],[4.00000E-05,5.00000E-05],[5.00000E-05,6.00000E-05],[6.00000E-05,7.00000E-05],[7.00000E-05,8.00000E-05],[8.00000E-05,9.00000E-05],[9.00000E-05,1.00000E-04],[1.00000E-04,1.10000E-04],[1.10000E-04,1.20000E-04],[1.20000E-04,1.30000E-04],[1.30000E-04,1.40000E-04],[1.40000E-04,1.50000E-04],[1.50000E-04,1.60000E-04],[1.60000E-04,1.70000E-04],[1.70000E-04,1.80000E-04],[1.80000E-04,1.90000E-04],[1.90000E-04,2.00000E-04],[2.00000E-04,2.10000E-04],[2.10000E-04,2.20000E-04],[2.20000E-04,2.30000E-04],[2.30000E-04,2.40000E-04],[2.40000E-04,2.50000E-04],[2.50000E-04,2.60000E-04],[2.60000E-04,2.70000E-04],[2.70000E-04,2.80000E-04],[2.80000E-04,2.90000E-04],[2.90000E-04,3.00000E-04],[3.00000E-04,3.10000E-04],[3.10000E-04,3.20000E-04],[3.20000E-04,3.30000E-04],[3.30000E-04,3.40000E-04],[3.40000E-04,3.50000E-04],[3.50000E-04,3.60000E-04],[3.60000E-04,3.70000E-04],[3.70000E-04,3.80000E-04],[3.80000E-04,3.90000E-04],[3.90000E-04,4.00000E-04],[4.00000E-04,4.10000E-04],[4.10000E-04,4.20000E-04],[4.20000E-04,4.30000E-04],[4.30000E-04,4.40000E-04],[4.40000E-04,4.50000E-04],[4.50000E-04,4.60000E-04],[4.60000E-04,4.70000E-04],[4.70000E-04,4.80000E-04],[4.80000E-04,4.90000E-04],[4.90000E-04,5.00000E-04],[5.00000E-04,5.10000E-04],[5.10000E-04,5.20000E-04],[5.20000E-04,5.30000E-04],[5.30000E-04,5.40000E-04],[5.40000E-04,5.50000E-04],[5.50000E-04,5.60000E-04],[5.60000E-04,5.70000E-04],[5.70000E-04,5.80000E-04],[5.80000E-04,5.90000E-04],[5.90000E-04,6.00000E-04],[6.00000E-04,6.10000E-04],[6.10000E-04,6.20000E-04],[6.20000E-04,6.30000E-04],[6.30000E-04,6.40000E-04],[6.40000E-04,6.50000E-04],[6.50000E-04,6.60000E-04],[6.60000E-04,6.70000E-04],[6.70000E-04,6.80000E-04],[6.80000E-04,6.90000E-04],[6.90000E-04,7.00000E-04]],
    "Res":[[[3.61412E+07,9.63223E+03]],[[1.83148E+04,3.00161E+02]],[[1.22305E+04,1.10737E+02]],[[1.00662E+04,1.05110E+02]],[[8.82790E+03,8.74580E+01]],[[7.96281E+03,6.91582E+01]],[[7.27981E+03,6.00130E+01]],[[6.71340E+03,4.17241E+01]],[[6.21732E+03,3.77747E+01]],[[5.76770E+03,3.81236E+01]],[[5.35061E+03,3.52483E+01]],[[4.93764E+03,3.22554E+01]],[[4.55153E+03,2.64694E+01]],[[4.18969E+03,2.62016E+01]],[[3.84777E+03,2.49614E+01]],[[3.52859E+03,2.42914E+01]],[[3.23271E+03,2.60662E+01]],[[2.95910E+03,2.57738E+01]],[[2.70157E+03,2.21074E+01]],[[2.46485E+03,2.17622E+01]],[[2.24717E+03,1.94360E+01]],[[2.04979E+03,1.68458E+01]],[[1.86990E+03,1.61586E+01]],[[1.70322E+03,1.49654E+01]],[[1.55167E+03,1.37036E+01]],[[1.41202E+03,1.23809E+01]],[[1.28650E+03,1.12601E+01]],[[1.17142E+03,1.05906E+01]],[[1.06705E+03,9.64841E+00]],[[9.72135E+02,8.71794E+00]],[[8.84952E+02,7.63812E+00]],[[8.05802E+02,7.48011E+00]],[[7.33673E+02,6.97356E+00]],[[6.68339E+02,6.70108E+00]],[[6.08970E+02,6.24793E+00]],[[5.54296E+02,6.34376E+00]],[[5.04443E+02,6.17217E+00]],[[4.59625E+02,5.93627E+00]],[[4.18933E+02,5.37768E+00]],[[3.81893E+02,4.99478E+00]],[[3.48007E+02,4.56626E+00]],[[3.16797E+02,4.04259E+00]],[[2.88396E+02,3.52271E+00]],[[2.62793E+02,3.29346E+00]],[[2.39474E+02,3.08254E+00]],[[2.18127E+02,2.73515E+00]],[[1.98620E+02,2.33259E+00]],[[1.81072E+02,2.16842E+00]],[[1.64840E+02,1.88951E+00]],[[1.50134E+02,1.64825E+00]],[[1.36829E+02,1.49023E+00]],[[1.24803E+02,1.41295E+00]],[[1.13816E+02,1.25328E+00]],[[1.03789E+02,1.13687E+00]],[[9.46819E+01,9.77093E-01]],[[8.62876E+01,8.91178E-01]],[[7.86382E+01,8.15017E-01]],[[7.16816E+01,7.50056E-01]],[[6.53437E+01,6.63039E-01]],[[5.95495E+01,5.78515E-01]],[[5.42860E+01,5.21293E-01]],[[4.94840E+01,4.76093E-01]],[[4.51081E+01,3.97684E-01]],[[4.11354E+01,3.72360E-01]],[[3.75250E+01,3.28374E-01]],[[3.42732E+01,3.22119E-01]],[[3.12845E+01,3.07740E-01]],[[2.85539E+01,2.73930E-01]],[[2.60756E+01,2.49775E-01]],[[2.37892E+01,2.40453E-01]]]
  }
}
