{
  "seed":1840824395,
  "pop":1000000,
  "Source_batches":5,
  "Time_increment":1.00000E-05,
  "Time_bins":70,
  "Total_CPU_Time":2.97445E+03,
  "Transport_time":2.00529E+02,
  "batchSize":1,
  "flux_time":{
    "TimeBounds":[[0.00000E+00,1.00000E-05],[1.00000E-05,2.00000E-05],[2.00000E-05,3.00000E-05],[3.00000E-05,4.00000E-05],[4.00000E-05,5.00000E-05],[5.00000E-05,6.00000E-05],[6.00000E-05,7.00000E-05],[7.00000E-05,8.00000E-05],[8.00000E-05,9.00000E-05],[9.00000E-05,1.00000E-04],[1.00000E-04,1.10000E-04],[1.10000E-04,1.20000E-04],[1.20000E-04,1.30000E-04],[1.30000E-04,1.40000E-04],[1.40000E-04,1.50000E-04],[1.50000E-04,1.60000E-04],[1.60000E-04,1.70000E-04],[1.70000E-04,1.80000E-04],[1.80000E-04,1.90000E-04],[1.90000E-04,2.00000E-04],[2.00000E-04,2.10000E-04],[2.10000E-04,2.20000E-04],[2.20000E-04,2.30000E-04],[2.30000E-04,2.40000E-04],[2.40000E-04,2.50000E-04],[2.50000E-04,2.60000E-04],[2.60000E-04,2.70000E-04],[2.70000E-04,2.80000E-04],[2.80000E-04,2.90000E-04],[2.90000E-04,3.00000E-04],[3.00000E-04,3.10000E-04],[3.10000E-04,3.20000E-04],[3.20000E-04,3.30000E-04],[3.30000E-04,3.40000E-04],[3.40000E-04,3.50000E-04],[3.50000E-04,3.60000E-04],[3.60000E-04,3.70000E-04],[3.70000E-04,3.80000E-04],[3.80000E-04,3.90000E-04],[3.90000E-04,4.00000E-04],[4.00000E-04,4.10000E-04],[4.10000E-04,4.20000E-04],[4.20000E-04,4.30000E-04],[4.30000E-04,4.40000E-04],[4.40000E-04,4.50000E-04],[4.50000E-04,4.60000E-04],[4.60000E-04,4.70000E-04],[4.70000E-04,4.80000E-04],[4.80000E-04,4.90000E-04],[4.90000E-04,5.00000E-04],[5.00000E-04,5.10000E-04],[5.10000E-04,5.20000E-04],[5.20000E-04,5.30000E-04],[5.30000E-04,5.40000E-04],[5.40000E-04,5.50000E-04],[5.50000E-04,5.60000E-04],[5.60000E-04,5.70000E-04],[5.70000E-04,5.80000E-04],[5.80000E-04,5.90000E-04],[5.90000E-04,6.00000E-04],[6.00000E-04,6.10000E-04],[6.10000E-04,6.20000E-04],[6.20000E-04,6.30000E-04],[6.30000E-04,6.40000E-04],[6.40000E-04,6.50000E-04],[6.50000E-04,6.60000E-04],[6.60000E-04,6.70000E-04],[6.70000E-04,6.80000E-04],[6.80000E-04,6.90000E-04],[6.90000E-04,7.00000E-04]],
    "Res":[[[6.08644E+01,0.00000E+00]],[[3.08730E-02,0.00000E+00]],[[2.01977E-02,0.00000E+00]],[[1.68163E-02,0.00000E+00]],[[1.47197E-02,0.00000E+00]],[[1.28971E-02,0.00000E+00]],[[1.22998E-02,0.00000E+00]],[[1.08583E-02,0.00000E+00]],[[1.05173E-02,0.00000E+00]],[[9.84506E-03,0.00000E+00]],[[8.89160E-03,0.00000E+00]],[[8.37516E-03,0.00000E+00]],[[7.56710E-03,0.00000E+00]],[[7.03036E-03,0.00000E+00]],[[6.46866E-03,0.00000E+00]],[[5.97304E-03,0.00000E+00]],[[5.43599E-03,0.00000E+00]],[[4.81558E-03,0.00000E+00]],[[4.44669E-03,0.00000E+00]],[[4.05769E-03,0.00000E+00]],[[3.66691E-03,0.00000E+00]],[[3.40959E-03,0.00000E+00]],[[3.11582E-03,0.00000E+00]],[[2.85773E-03,0.00000E+00]],[[2.58984E-03,0.00000E+00]],[[2.35750E-03,0.00000E+00]],[[2.10298E-03,0.00000E+00]],[[1.95622E-03,0.00000E+00]],[[1.76718E-03,0.00000E+00]],[[1.59003E-03,0.00000E+00]],[[1.44431E-03,0.00000E+00]],[[1.34598E-03,0.00000E+00]],[[1.21416E-03,0.00000E+00]],[[1.11381E-03,0.00000E+00]],[[1.00517E-03,0.00000E+00]],[[9.13554E-04,0.00000E+00]],[[8.35982E-04,0.00000E+00]],[[7.49913E-04,0.00000E+00]],[[6.79832E-04,0.00000E+00]],[[6.23362E-04,0.00000E+00]],[[5.74737E-04,0.00000E+00]],[[5.19640E-04,0.00000E+00]],[[4.72603E-04,0.00000E+00]],[[4.30844E-04,0.00000E+00]],[[3.96198E-04,0.00000E+00]],[[3.60226E-04,0.00000E+00]],[[3.27511E-04,0.00000E+00]],[[2.93047E-04,0.00000E+00]],[[2.65073E-04,0.00000E+00]],[[2.47612E-04,0.00000E+00]],[[2.22574E-04,0.00000E+00]],[[2.07167E-04,0.00000E+00]],[[1.87792E-04,0.00000E+00]],[[1.71006E-04,0.00000E+00]],[[1.56782E-04,0.00000E+00]],[[1.43227E-04,0.00000E+00]],[[1.29970E-04,0.00000E+00]],[[1.19221E-04,0.00000E+00]],[[1.08569E-04,0.00000E+00]],[[9.87114E-05,0.00000E+00]],[[8.86051E-05,0.00000E+00]],[[8.16088E-05,0.00000E+00]],[[7.47753E-05,0.00000E+00]],[[6.88963E-05,0.00000E+00]],[[6.25806E-05,0.00000E+00]],[[5.66379E-05,0.00000E+00]],[[5.16169E-05,0.00000E+00]],[[4.51832E-05,0.00000E+00]],[[4.29075E-05,0.00000E+00]],[[3.89123E-05,0.00000E+00]]]
  }
}
