{
  "seed":-1977036812,
  "pop":1000000,
  "Source_batches":5,
  "Time_increment":1.00000E-05,
  "Time_bins":70,
  "Total_CPU_Time":3.14996E+03,
  "Transport_time":2.18248E+02,
  "batchSize":1,
  "flux_time":{
    "TimeBounds":[[0.00000E+00,1.00000E-05],[1.00000E-05,2.00000E-05],[2.00000E-05,3.00000E-05],[3.00000E-05,4.00000E-05],[4.00000E-05,5.00000E-05],[5.00000E-05,6.00000E-05],[6.00000E-05,7.00000E-05],[7.00000E-05,8.00000E-05],[8.00000E-05,9.00000E-05],[9.00000E-05,1.00000E-04],[1.00000E-04,1.10000E-04],[1.10000E-04,1.20000E-04],[1.20000E-04,1.30000E-04],[1.30000E-04,1.40000E-04],[1.40000E-04,1.50000E-04],[1.50000E-04,1.60000E-04],[1.60000E-04,1.70000E-04],[1.70000E-04,1.80000E-04],[1.80000E-04,1.90000E-04],[1.90000E-04,2.00000E-04],[2.00000E-04,2.10000E-04],[2.10000E-04,2.20000E-04],[2.20000E-04,2.30000E-04],[2.30000E-04,2.40000E-04],[2.40000E-04,2.50000E-04],[2.50000E-04,2.60000E-04],[2.60000E-04,2.70000E-04],[2.70000E-04,2.80000E-04],[2.80000E-04,2.90000E-04],[2.90000E-04,3.00000E-04],[3.00000E-04,3.10000E-04],[3.10000E-04,3.20000E-04],[3.20000E-04,3.30000E-04],[3.30000E-04,3.40000E-04],[3.40000E-04,3.50000E-04],[3.50000E-04,3.60000E-04],[3.60000E-04,3.70000E-04],[3.70000E-04,3.80000E-04],[3.80000E-04,3.90000E-04],[3.90000E-04,4.00000E-04],[4.00000E-04,4.10000E-04],[4.10000E-04,4.20000E-04],[4.20000E-04,4.30000E-04],[4.30000E-04,4.40000E-04],[4.40000E-04,4.50000E-04],[4.50000E-04,4.60000E-04],[4.60000E-04,4.70000E-04],[4.70000E-04,4.80000E-04],[4.80000E-04,4.90000E-04],[4.90000E-04,5.00000E-04],[5.00000E-04,5.10000E-04],[5.10000E-04,5.20000E-04],[5.20000E-04,5.30000E-04],[5.30000E-04,5.40000E-04],[5.40000E-04,5.50000E-04],[5.50000E-04,5.60000E-04],[5.60000E-04,5.70000E-04],[5.70000E-04,5.80000E-04],[5.80000E-04,5.90000E-04],[5.90000E-04,6.00000E-04],[6.00000E-04,6.10000E-04],[6.10000E-04,6.20000E-04],[6.20000E-04,6.30000E-04],[6.30000E-04,6.40000E-04],[6.40000E-04,6.50000E-04],[6.50000E-04,6.60000E-04],[6.60000E-04,6.70000E-04],[6.70000E-04,6.80000E-04],[6.80000E-04,6.90000E-04],[6.90000E-04,7.00000E-04]],
    "Res":[[[3.61620E+07,5.90256E+03]],[[1.82369E+04,1.08453E+02]],[[1.21531E+04,8.50607E+01]],[[1.00379E+04,7.57072E+01]],[[8.85377E+03,7.82303E+01]],[[8.00218E+03,7.19108E+01]],[[7.33757E+03,7.23646E+01]],[[6.77422E+03,6.96695E+01]],[[6.28204E+03,6.49231E+01]],[[5.82374E+03,6.14395E+01]],[[5.39034E+03,5.63390E+01]],[[4.97994E+03,5.05192E+01]],[[4.59133E+03,4.27318E+01]],[[4.22895E+03,4.16306E+01]],[[3.88838E+03,3.74674E+01]],[[3.56664E+03,3.13401E+01]],[[3.26379E+03,2.85276E+01]],[[2.98568E+03,2.70326E+01]],[[2.72695E+03,2.64271E+01]],[[2.49154E+03,2.48554E+01]],[[2.27367E+03,2.16968E+01]],[[2.07193E+03,1.73193E+01]],[[1.88813E+03,1.51131E+01]],[[1.71951E+03,1.36533E+01]],[[1.56675E+03,1.27153E+01]],[[1.42566E+03,1.21472E+01]],[[1.29643E+03,1.20024E+01]],[[1.17959E+03,1.15766E+01]],[[1.07313E+03,1.07983E+01]],[[9.76118E+02,1.01434E+01]],[[8.88824E+02,9.72254E+00]],[[8.09193E+02,8.80058E+00]],[[7.36480E+02,8.38085E+00]],[[6.70148E+02,8.00168E+00]],[[6.10070E+02,7.79526E+00]],[[5.55563E+02,7.49886E+00]],[[5.06034E+02,6.87156E+00]],[[4.61475E+02,6.18506E+00]],[[4.20446E+02,5.58789E+00]],[[3.82871E+02,5.10664E+00]],[[3.48614E+02,4.63373E+00]],[[3.17722E+02,4.14146E+00]],[[2.89462E+02,3.47348E+00]],[[2.64100E+02,3.02948E+00]],[[2.40718E+02,2.79614E+00]],[[2.19067E+02,2.53899E+00]],[[1.99730E+02,2.27501E+00]],[[1.81939E+02,2.08233E+00]],[[1.65996E+02,1.82313E+00]],[[1.51549E+02,1.63225E+00]],[[1.38150E+02,1.47028E+00]],[[1.25939E+02,1.35463E+00]],[[1.14814E+02,1.20006E+00]],[[1.04942E+02,1.05415E+00]],[[9.56227E+01,1.04055E+00]],[[8.72579E+01,9.25562E-01]],[[7.94637E+01,8.29220E-01]],[[7.23235E+01,7.70244E-01]],[[6.60081E+01,7.55968E-01]],[[6.02256E+01,7.19782E-01]],[[5.49869E+01,6.49500E-01]],[[5.01316E+01,5.59740E-01]],[[4.57064E+01,5.32976E-01]],[[4.16444E+01,4.83964E-01]],[[3.79635E+01,4.43127E-01]],[[3.46156E+01,4.08001E-01]],[[3.15420E+01,3.96611E-01]],[[2.87811E+01,3.89951E-01]],[[2.62656E+01,3.73638E-01]],[[2.40112E+01,3.73673E-01]]]
  }
}
