{
  "seed":-385992748,
  "pop":1000000,
  "Source_batches":3,
  "Time_increment":1.00000E-05,
  "Time_bins":70,
  "Total_CPU_Time":1.75998E+03,
  "Transport_time":0.00000E+00,
  "batchSize":1,
  "flux_time":{
    "TimeBounds":[[0.00000E+00,1.00000E-05],[1.00000E-05,2.00000E-05],[2.00000E-05,3.00000E-05],[3.00000E-05,4.00000E-05],[4.00000E-05,5.00000E-05],[5.00000E-05,6.00000E-05],[6.00000E-05,7.00000E-05],[7.00000E-05,8.00000E-05],[8.00000E-05,9.00000E-05],[9.00000E-05,1.00000E-04],[1.00000E-04,1.10000E-04],[1.10000E-04,1.20000E-04],[1.20000E-04,1.30000E-04],[1.30000E-04,1.40000E-04],[1.40000E-04,1.50000E-04],[1.50000E-04,1.60000E-04],[1.60000E-04,1.70000E-04],[1.70000E-04,1.80000E-04],[1.80000E-04,1.90000E-04],[1.90000E-04,2.00000E-04],[2.00000E-04,2.10000E-04],[2.10000E-04,2.20000E-04],[2.20000E-04,2.30000E-04],[2.30000E-04,2.40000E-04],[2.40000E-04,2.50000E-04],[2.50000E-04,2.60000E-04],[2.60000E-04,2.70000E-04],[2.70000E-04,2.80000E-04],[2.80000E-04,2.90000E-04],[2.90000E-04,3.00000E-04],[3.00000E-04,3.10000E-04],[3.10000E-04,3.20000E-04],[3.20000E-04,3.30000E-04],[3.30000E-04,3.40000E-04],[3.40000E-04,3.50000E-04],[3.50000E-04,3.60000E-04],[3.60000E-04,3.70000E-04],[3.70000E-04,3.80000E-04],[3.80000E-04,3.90000E-04],[3.90000E-04,4.00000E-04],[4.00000E-04,4.10000E-04],[4.10000E-04,4.20000E-04],[4.20000E-04,4.30000E-04],[4.30000E-04,4.40000E-04],[4.40000E-04,4.50000E-04],[4.50000E-04,4.60000E-04],[4.60000E-04,4.70000E-04],[4.70000E-04,4.80000E-04],[4.80000E-04,4.90000E-04],[4.90000E-04,5.00000E-04],[5.00000E-04,5.10000E-04],[5.10000E-04,5.20000E-04],[5.20000E-04,5.30000E-04],[5.30000E-04,5.40000E-04],[5.40000E-04,5.50000E-04],[5.50000E-04,5.60000E-04],[5.60000E-04,5.70000E-04],[5.70000E-04,5.80000E-04],[5.80000E-04,5.90000E-04],[5.90000E-04,6.00000E-04],[6.00000E-04,6.10000E-04],[6.10000E-04,6.20000E-04],[6.20000E-04,6.30000E-04],[6.30000E-04,6.40000E-04],[6.40000E-04,6.50000E-04],[6.50000E-04,6.60000E-04],[6.60000E-04,6.70000E-04],[6.70000E-04,6.80000E-04],[6.80000E-04,6.90000E-04],[6.90000E-04,7.00000E-04]],
    "Res":[[[3.61993E+07,1.46165E+04]],[[3.57479E+05,5.81436E+02]],[[2.26020E+05,3.39764E+02]],[[1.74050E+05,5.79563E+02]],[[1.45861E+05,3.83733E+02]],[[1.28107E+05,4.41934E+02]],[[1.15798E+05,4.13266E+02]],[[1.06914E+05,3.68083E+02]],[[9.98354E+04,2.63449E+02]],[[9.40781E+04,2.83790E+02]],[[8.93769E+04,2.79732E+02]],[[8.52860E+04,2.52227E+02]],[[8.16431E+04,2.52271E+02]],[[7.83621E+04,2.56688E+02]],[[7.53668E+04,2.46941E+02]],[[7.26237E+04,2.35282E+02]],[[6.99949E+04,2.27243E+02]],[[6.76203E+04,2.17479E+02]],[[6.52775E+04,1.75562E+02]],[[6.30586E+04,1.67210E+02]],[[6.10172E+04,1.67284E+02]],[[5.90819E+04,1.52025E+02]],[[5.72002E+04,1.62790E+02]],[[5.54421E+04,1.40059E+02]],[[5.37802E+04,1.43424E+02]],[[5.21936E+04,1.31339E+02]],[[5.06803E+04,1.49937E+02]],[[4.92291E+04,1.39423E+02]],[[4.78615E+04,1.44060E+02]],[[4.65366E+04,1.26736E+02]],[[4.52929E+04,1.36753E+02]],[[4.40651E+04,1.22940E+02]],[[4.29085E+04,1.33485E+02]],[[4.18068E+04,1.25699E+02]],[[4.07234E+04,1.24045E+02]],[[3.96650E+04,1.32625E+02]],[[3.86408E+04,1.16225E+02]],[[3.76806E+04,1.24760E+02]],[[3.67184E+04,1.23984E+02]],[[3.58184E+04,1.25795E+02]],[[3.49279E+04,1.15393E+02]],[[3.40954E+04,1.27930E+02]],[[3.32382E+04,1.25924E+02]],[[3.24341E+04,1.12943E+02]],[[3.16492E+04,1.13807E+02]],[[3.08822E+04,9.92871E+01]],[[3.01650E+04,9.73028E+01]],[[2.94373E+04,9.23751E+01]],[[2.87429E+04,8.45481E+01]],[[2.80432E+04,8.43721E+01]],[[2.74009E+04,7.67646E+01]],[[2.67593E+04,7.59366E+01]],[[2.61341E+04,8.41852E+01]],[[2.55090E+04,7.34537E+01]],[[2.49168E+04,8.05403E+01]],[[2.43330E+04,7.43508E+01]],[[2.37795E+04,7.32775E+01]],[[2.32260E+04,6.94794E+01]],[[2.26975E+04,6.68116E+01]],[[2.21707E+04,6.79271E+01]],[[2.16824E+04,6.36955E+01]],[[2.11747E+04,6.83461E+01]],[[2.06842E+04,6.08287E+01]],[[2.02085E+04,6.19751E+01]],[[1.97617E+04,7.07628E+01]],[[1.93148E+04,6.51027E+01]],[[1.88762E+04,5.96238E+01]],[[1.84492E+04,5.99828E+01]],[[1.80277E+04,6.20420E+01]],[[1.76292E+04,6.01735E+01]]]
  }
}
