{
  "seed":1790550384,
  "pop":1000000,
  "Source_batches":5,
  "Time_increment":1.00000E-05,
  "Time_bins":70,
  "Total_CPU_Time":9.56931E+02,
  "Transport_time":1.14742E+02,
  "batchSize":351,
  "flux_time":{
    "multiMapOrder":["X","Time"],
    "XBounds":[[-2.50000E+01,-8.33333E+00],[-8.33333E+00,8.33333E+00],[8.33333E+00,2.50000E+01]],
    "TimeBounds":[[0.00000E+00,1.00000E-05],[1.00000E-05,2.00000E-05],[2.00000E-05,3.00000E-05],[3.00000E-05,4.00000E-05],[4.00000E-05,5.00000E-05],[5.00000E-05,6.00000E-05],[6.00000E-05,7.00000E-05],[7.00000E-05,8.00000E-05],[8.00000E-05,9.00000E-05],[9.00000E-05,1.00000E-04],[1.00000E-04,1.10000E-04],[1.10000E-04,1.20000E-04],[1.20000E-04,1.30000E-04],[1.30000E-04,1.40000E-04],[1.40000E-04,1.50000E-04],[1.50000E-04,1.60000E-04],[1.60000E-04,1.70000E-04],[1.70000E-04,1.80000E-04],[1.80000E-04,1.90000E-04],[1.90000E-04,2.00000E-04],[2.00000E-04,2.10000E-04],[2.10000E-04,2.20000E-04],[2.20000E-04,2.30000E-04],[2.30000E-04,2.40000E-04],[2.40000E-04,2.50000E-04],[2.50000E-04,2.60000E-04],[2.60000E-04,2.70000E-04],[2.70000E-04,2.80000E-04],[2.80000E-04,2.90000E-04],[2.90000E-04,3.00000E-04],[3.00000E-04,3.10000E-04],[3.10000E-04,3.20000E-04],[3.20000E-04,3.30000E-04],[3.30000E-04,3.40000E-04],[3.40000E-04,3.50000E-04],[3.50000E-04,3.60000E-04],[3.60000E-04,3.70000E-04],[3.70000E-04,3.80000E-04],[3.80000E-04,3.90000E-04],[3.90000E-04,4.00000E-04],[4.00000E-04,4.10000E-04],[4.10000E-04,4.20000E-04],[4.20000E-04,4.30000E-04],[4.30000E-04,4.40000E-04],[4.40000E-04,4.50000E-04],[4.50000E-04,4.60000E-04],[4.60000E-04,4.70000E-04],[4.70000E-04,4.80000E-04],[4.80000E-04,4.90000E-04],[4.90000E-04,5.00000E-04],[5.00000E-04,5.10000E-04],[5.10000E-04,5.20000E-04],[5.20000E-04,5.30000E-04],[5.30000E-04,5.40000E-04],[5.40000E-04,5.50000E-04],[5.50000E-04,5.60000E-04],[5.60000E-04,5.70000E-04],[5.70000E-04,5.80000E-04],[5.80000E-04,5.90000E-04],[5.90000E-04,6.00000E-04],[6.00000E-04,6.10000E-04],[6.10000E-04,6.20000E-04],[6.20000E-04,6.30000E-04],[6.30000E-04,6.40000E-04],[6.40000E-04,6.50000E-04],[6.50000E-04,6.60000E-04],[6.60000E-04,6.70000E-04],[6.70000E-04,6.80000E-04],[6.80000E-04,6.90000E-04],[6.90000E-04,7.00000E-04]],
    "Res":[[[[2.82113E+07,2.66585E+04]],[[5.34062E+07,2.14049E+04]],[[2.82317E+07,1.02404E+04]]],[[[1.45379E+02,1.94649E+01]],[[1.98462E+02,9.52407E+00]],[[1.60020E+02,2.77847E+01]]],[[[1.62466E+01,1.14492E+00]],[[2.10951E+01,1.60060E+00]],[[1.75769E+01,1.61669E+00]]],[[[4.37442E+00,4.18696E-01]],[[5.62165E+00,5.76034E-01]],[[4.65514E+00,5.22601E-01]]],[[[1.67659E+00,2.15329E-01]],[[2.13028E+00,2.84872E-01]],[[1.74910E+00,2.43469E-01]]],[[[7.73112E-01,1.20732E-01]],[[9.77613E-01,1.55299E-01]],[[7.99242E-01,1.30552E-01]]],[[[4.04136E-01,7.13078E-02]],[[5.07769E-01,9.08110E-02]],[[4.13945E-01,7.53803E-02]]],[[[2.29260E-01,4.42879E-02]],[[2.86907E-01,5.58032E-02]],[[2.33079E-01,4.58109E-02]]],[[[1.38560E-01,2.87920E-02]],[[1.73460E-01,3.59283E-02]],[[1.40113E-01,2.91664E-02]]],[[[8.80433E-02,1.91855E-02]],[[1.10066E-01,2.39969E-02]],[[8.87660E-02,1.92659E-02]]],[[[5.81234E-02,1.31403E-02]],[[7.25957E-02,1.64467E-02]],[[5.84940E-02,1.32660E-02]]],[[[3.96430E-02,9.24285E-03]],[[4.94699E-02,1.15730E-02]],[[3.99677E-02,9.34566E-03]]],[[[2.78734E-02,6.69294E-03]],[[3.46807E-02,8.31923E-03]],[[2.79932E-02,6.70684E-03]]],[[[2.00485E-02,4.94655E-03]],[[2.48880E-02,6.07878E-03]],[[2.00265E-02,4.88252E-03]]],[[[1.46546E-02,3.67222E-03]],[[1.82551E-02,4.55220E-03]],[[1.46862E-02,3.67387E-03]]],[[[1.09182E-02,2.77066E-03]],[[1.35978E-02,3.45736E-03]],[[1.09715E-02,2.78425E-03]]],[[[8.25394E-03,2.11924E-03]],[[1.03095E-02,2.66094E-03]],[[8.31257E-03,2.14818E-03]]],[[[6.33615E-03,1.65097E-03]],[[7.90557E-03,2.05891E-03]],[[6.37631E-03,1.65793E-03]]],[[[4.93323E-03,1.29908E-03]],[[6.13772E-03,1.61442E-03]],[[4.96156E-03,1.30638E-03]]],[[[3.87071E-03,1.02969E-03]],[[4.81772E-03,1.28381E-03]],[[3.89885E-03,1.03646E-03]]],[[[3.07087E-03,8.24115E-04]],[[3.83197E-03,1.03328E-03]],[[3.09648E-03,8.29926E-04]]],[[[2.45852E-03,6.65528E-04]],[[3.07299E-03,8.32576E-04]],[[2.47770E-03,6.72799E-04]]],[[[1.98328E-03,5.40554E-04]],[[2.48003E-03,6.76445E-04]],[[1.99952E-03,5.44583E-04]]],[[[1.61729E-03,4.42903E-04]],[[2.01691E-03,5.52918E-04]],[[1.63028E-03,4.48183E-04]]],[[[1.32491E-03,3.65365E-04]],[[1.65303E-03,4.55957E-04]],[[1.33354E-03,3.68326E-04]]],[[[1.09116E-03,3.01889E-04]],[[1.36666E-03,3.80498E-04]],[[1.10019E-03,3.05811E-04]]],[[[9.09116E-04,2.53339E-04]],[[1.13202E-03,3.14581E-04]],[[9.11512E-04,2.53404E-04]]],[[[7.59336E-04,2.13106E-04]],[[9.44041E-04,2.64052E-04]],[[7.60710E-04,2.12747E-04]]],[[[6.34273E-04,1.77497E-04]],[[7.92219E-04,2.23034E-04]],[[6.37366E-04,1.77713E-04]]],[[[5.34871E-04,1.50631E-04]],[[6.66767E-04,1.88468E-04]],[[5.38682E-04,1.51732E-04]]],[[[4.53127E-04,1.28188E-04]],[[5.64377E-04,1.60034E-04]],[[4.54185E-04,1.28348E-04]]],[[[3.86416E-04,1.09759E-04]],[[4.81527E-04,1.37464E-04]],[[3.86079E-04,1.09799E-04]]],[[[3.30259E-04,9.41959E-05]],[[4.09775E-04,1.17248E-04]],[[3.29801E-04,9.40957E-05]]],[[[2.83355E-04,8.13944E-05]],[[3.50944E-04,1.00450E-04]],[[2.83344E-04,8.13208E-05]]],[[[2.42799E-04,6.97438E-05]],[[3.01632E-04,8.64919E-05]],[[2.43635E-04,6.99570E-05]]],[[[2.08888E-04,5.97457E-05]],[[2.60328E-04,7.50102E-05]],[[2.10065E-04,6.03744E-05]]],[[[1.81121E-04,5.22340E-05]],[[2.25279E-04,6.50491E-05]],[[1.81595E-04,5.21854E-05]]],[[[1.57347E-04,4.54848E-05]],[[1.95359E-04,5.64708E-05]],[[1.57641E-04,4.54471E-05]]],[[[1.37190E-04,3.98331E-05]],[[1.69967E-04,4.90485E-05]],[[1.37333E-04,3.96731E-05]]],[[[1.20129E-04,3.51595E-05]],[[1.48712E-04,4.31812E-05]],[[1.19530E-04,3.45047E-05]]],[[[1.04765E-04,3.05084E-05]],[[1.29781E-04,3.75496E-05]],[[1.04426E-04,3.02502E-05]]],[[[9.20158E-05,2.68288E-05]],[[1.14211E-04,3.33449E-05]],[[9.15660E-05,2.66115E-05]]],[[[8.05557E-05,2.35202E-05]],[[1.00203E-04,2.93043E-05]],[[8.05698E-05,2.34736E-05]]],[[[7.11056E-05,2.07784E-05]],[[8.83915E-05,2.59065E-05]],[[7.08890E-05,2.06641E-05]]],[[[6.29058E-05,1.84186E-05]],[[7.80036E-05,2.28329E-05]],[[6.25379E-05,1.82787E-05]]],[[[5.56026E-05,1.62618E-05]],[[6.88583E-05,2.02257E-05]],[[5.53847E-05,1.62037E-05]]],[[[4.91432E-05,1.43835E-05]],[[6.12672E-05,1.80416E-05]],[[4.94057E-05,1.45528E-05]]],[[[4.37123E-05,1.28814E-05]],[[5.41967E-05,1.59142E-05]],[[4.37077E-05,1.28671E-05]]],[[[3.90454E-05,1.15508E-05]],[[4.82359E-05,1.42321E-05]],[[3.89217E-05,1.15203E-05]]],[[[3.47236E-05,1.02942E-05]],[[4.30082E-05,1.26821E-05]],[[3.46744E-05,1.02700E-05]]],[[[3.10050E-05,9.22107E-06]],[[3.83634E-05,1.13315E-05]],[[3.10608E-05,9.17491E-06]]],[[[2.77303E-05,8.21742E-06]],[[3.42496E-05,1.01057E-05]],[[2.77385E-05,8.21942E-06]]],[[[2.47269E-05,7.30735E-06]],[[3.06997E-05,9.10100E-06]],[[2.47860E-05,7.35222E-06]]],[[[2.22411E-05,6.58894E-06]],[[2.75556E-05,8.16116E-06]],[[2.22469E-05,6.62686E-06]]],[[[2.00040E-05,5.96828E-06]],[[2.48201E-05,7.37133E-06]],[[2.00030E-05,5.97569E-06]]],[[[1.79931E-05,5.34727E-06]],[[2.22301E-05,6.58079E-06]],[[1.80101E-05,5.36137E-06]]],[[[1.61672E-05,4.80545E-06]],[[2.01147E-05,5.99287E-06]],[[1.61866E-05,4.82996E-06]]],[[[1.45379E-05,4.32510E-06]],[[1.81753E-05,5.45615E-06]],[[1.45966E-05,4.38029E-06]]],[[[1.31550E-05,3.92307E-06]],[[1.63689E-05,4.89251E-06]],[[1.31924E-05,3.95530E-06]]],[[[1.19095E-05,3.55878E-06]],[[1.48493E-05,4.46048E-06]],[[1.18957E-05,3.57970E-06]]],[[[1.07759E-05,3.23702E-06]],[[1.34598E-05,4.06275E-06]],[[1.07731E-05,3.22656E-06]]],[[[9.76897E-06,2.92657E-06]],[[1.21555E-05,3.64817E-06]],[[9.77171E-06,2.92730E-06]]],[[[8.83827E-06,2.66089E-06]],[[1.10065E-05,3.30173E-06]],[[8.83738E-06,2.64328E-06]]],[[[8.04525E-06,2.40857E-06]],[[9.98082E-06,2.99927E-06]],[[8.02748E-06,2.40162E-06]]],[[[7.30108E-06,2.20348E-06]],[[9.06886E-06,2.72995E-06]],[[7.30439E-06,2.19684E-06]]],[[[6.66422E-06,2.01318E-06]],[[8.23797E-06,2.47979E-06]],[[6.63075E-06,1.98809E-06]]],[[[6.04444E-06,1.80644E-06]],[[7.50732E-06,2.25221E-06]],[[6.05937E-06,1.82479E-06]]],[[[5.53046E-06,1.65779E-06]],[[6.84083E-06,