{
  "seed":-1902655523,
  "pop":1000000,
  "Source_batches":5,
  "Time_increment":1.00000E-05,
  "Time_bins":70,
  "Total_CPU_Time":2.34509E+04,
  "Transport_time":1.57130E+03,
  "batchSize":1,
  "flux_time":{
    "TimeBounds":[[0.00000E+00,1.00000E-05],[1.00000E-05,2.00000E-05],[2.00000E-05,3.00000E-05],[3.00000E-05,4.00000E-05],[4.00000E-05,5.00000E-05],[5.00000E-05,6.00000E-05],[6.00000E-05,7.00000E-05],[7.00000E-05,8.00000E-05],[8.00000E-05,9.00000E-05],[9.00000E-05,1.00000E-04],[1.00000E-04,1.10000E-04],[1.10000E-04,1.20000E-04],[1.20000E-04,1.30000E-04],[1.30000E-04,1.40000E-04],[1.40000E-04,1.50000E-04],[1.50000E-04,1.60000E-04],[1.60000E-04,1.70000E-04],[1.70000E-04,1.80000E-04],[1.80000E-04,1.90000E-04],[1.90000E-04,2.00000E-04],[2.00000E-04,2.10000E-04],[2.10000E-04,2.20000E-04],[2.20000E-04,2.30000E-04],[2.30000E-04,2.40000E-04],[2.40000E-04,2.50000E-04],[2.50000E-04,2.60000E-04],[2.60000E-04,2.70000E-04],[2.70000E-04,2.80000E-04],[2.80000E-04,2.90000E-04],[2.90000E-04,3.00000E-04],[3.00000E-04,3.10000E-04],[3.10000E-04,3.20000E-04],[3.20000E-04,3.30000E-04],[3.30000E-04,3.40000E-04],[3.40000E-04,3.50000E-04],[3.50000E-04,3.60000E-04],[3.60000E-04,3.70000E-04],[3.70000E-04,3.80000E-04],[3.80000E-04,3.90000E-04],[3.90000E-04,4.00000E-04],[4.00000E-04,4.10000E-04],[4.10000E-04,4.20000E-04],[4.20000E-04,4.30000E-04],[4.30000E-04,4.40000E-04],[4.40000E-04,4.50000E-04],[4.50000E-04,4.60000E-04],[4.60000E-04,4.70000E-04],[4.70000E-04,4.80000E-04],[4.80000E-04,4.90000E-04],[4.90000E-04,5.00000E-04],[5.00000E-04,5.10000E-04],[5.10000E-04,5.20000E-04],[5.20000E-04,5.30000E-04],[5.30000E-04,5.40000E-04],[5.40000E-04,5.50000E-04],[5.50000E-04,5.60000E-04],[5.60000E-04,5.70000E-04],[5.70000E-04,5.80000E-04],[5.80000E-04,5.90000E-04],[5.90000E-04,6.00000E-04],[6.00000E-04,6.10000E-04],[6.10000E-04,6.20000E-04],[6.20000E-04,6.30000E-04],[6.30000E-04,6.40000E-04],[6.40000E-04,6.50000E-04],[6.50000E-04,6.60000E-04],[6.60000E-04,6.70000E-04],[6.70000E-04,6.80000E-04],[6.80000E-04,6.90000E-04],[6.90000E-04,7.00000E-04]],
    "Res":[[[3.61541E+07,7.72573E+03]],[[1.77608E+04,2.20239E+02]],[[1.20719E+04,9.87827E+01]],[[9.99801E+03,8.18184E+01]],[[8.82781E+03,6.65004E+01]],[[7.98208E+03,5.03813E+01]],[[7.32415E+03,3.67303E+01]],[[6.76148E+03,3.02266E+01]],[[6.26879E+03,3.05844E+01]],[[5.80228E+03,2.95047E+01]],[[5.37091E+03,2.02016E+01]],[[4.96280E+03,1.72923E+01]],[[4.57952E+03,1.88435E+01]],[[4.21946E+03,1.83447E+01]],[[3.88508E+03,1.75351E+01]],[[3.56633E+03,1.48502E+01]],[[3.26832E+03,1.60173E+01]],[[2.98800E+03,1.48121E+01]],[[2.73351E+03,1.43971E+01]],[[2.49426E+03,1.44716E+01]],[[2.27701E+03,1.33399E+01]],[[2.07351E+03,1.33041E+01]],[[1.88840E+03,1.28384E+01]],[[1.72124E+03,1.26237E+01]],[[1.56660E+03,1.16415E+01]],[[1.42592E+03,1.03715E+01]],[[1.29847E+03,8.95732E+00]],[[1.18135E+03,8.05876E+00]],[[1.07684E+03,6.92170E+00]],[[9.79580E+02,6.14801E+00]],[[8.93302E+02,5.67549E+00]],[[8.12691E+02,5.29485E+00]],[[7.39879E+02,4.71484E+00]],[[6.73634E+02,4.48907E+00]],[[6.14003E+02,3.97748E+00]],[[5.59205E+02,3.67836E+00]],[[5.09757E+02,3.24033E+00]],[[4.64057E+02,3.17379E+00]],[[4.22816E+02,3.07151E+00]],[[3.85183E+02,2.71668E+00]],[[3.50903E+02,2.67938E+00]],[[3.19677E+02,2.56205E+00]],[[2.90959E+02,2.44966E+00]],[[2.64996E+02,2.28845E+00]],[[2.41646E+02,2.12119E+00]],[[2.20324E+02,1.97144E+00]],[[2.01020E+02,1.84076E+00]],[[1.83197E+02,1.69087E+00]],[[1.66899E+02,1.52596E+00]],[[1.52046E+02,1.34876E+00]],[[1.38744E+02,1.27114E+00]],[[1.26353E+02,1.08821E+00]],[[1.15305E+02,1.00168E+00]],[[1.05085E+02,9.02543E-01]],[[9.57605E+01,8.07491E-01]],[[8.74195E+01,7.56546E-01]],[[7.97917E+01,7.55550E-01]],[[7.27176E+01,6.49901E-01]],[[6.63407E+01,6.11941E-01]],[[6.05913E+01,5.85727E-01]],[[5.52456E+01,5.19096E-01]],[[5.03712E+01,4.57397E-01]],[[4.58175E+01,3.85111E-01]],[[4.17815E+01,3.38747E-01]],[[3.81440E+01,2.93685E-01]],[[3.48218E+01,2.62970E-01]],[[3.17509E+01,2.42996E-01]],[[2.89628E+01,2.16748E-01]],[[2.64277E+01,2.00259E-01]],[[2.41074E+01,1.86160E-01]]]
  }
}
