{
  "seed":1907040809,
  "pop":1000000,
  "Source_batches":10,
  "Time_increment":1.00000E-05,
  "Time_bins":70,
  "Total_CPU_Time":4.95299E+03,
  "Transport_time":0.00000E+00,
  "batchSize":1,
  "flux_time":{
    "TimeBounds":[[0.00000E+00,1.00000E-05],[1.00000E-05,2.00000E-05],[2.00000E-05,3.00000E-05],[3.00000E-05,4.00000E-05],[4.00000E-05,5.00000E-05],[5.00000E-05,6.00000E-05],[6.00000E-05,7.00000E-05],[7.00000E-05,8.00000E-05],[8.00000E-05,9.00000E-05],[9.00000E-05,1.00000E-04],[1.00000E-04,1.10000E-04],[1.10000E-04,1.20000E-04],[1.20000E-04,1.30000E-04],[1.30000E-04,1.40000E-04],[1.40000E-04,1.50000E-04],[1.50000E-04,1.60000E-04],[1.60000E-04,1.70000E-04],[1.70000E-04,1.80000E-04],[1.80000E-04,1.90000E-04],[1.90000E-04,2.00000E-04],[2.00000E-04,2.10000E-04],[2.10000E-04,2.20000E-04],[2.20000E-04,2.30000E-04],[2.30000E-04,2.40000E-04],[2.40000E-04,2.50000E-04],[2.50000E-04,2.60000E-04],[2.60000E-04,2.70000E-04],[2.70000E-04,2.80000E-04],[2.80000E-04,2.90000E-04],[2.90000E-04,3.00000E-04],[3.00000E-04,3.10000E-04],[3.10000E-04,3.20000E-04],[3.20000E-04,3.30000E-04],[3.30000E-04,3.40000E-04],[3.40000E-04,3.50000E-04],[3.50000E-04,3.60000E-04],[3.60000E-04,3.70000E-04],[3.70000E-04,3.80000E-04],[3.80000E-04,3.90000E-04],[3.90000E-04,4.00000E-04],[4.00000E-04,4.10000E-04],[4.10000E-04,4.20000E-04],[4.20000E-04,4.30000E-04],[4.30000E-04,4.40000E-04],[4.40000E-04,4.50000E-04],[4.50000E-04,4.60000E-04],[4.60000E-04,4.70000E-04],[4.70000E-04,4.80000E-04],[4.80000E-04,4.90000E-04],[4.90000E-04,5.00000E-04],[5.00000E-04,5.10000E-04],[5.10000E-04,5.20000E-04],[5.20000E-04,5.30000E-04],[5.30000E-04,5.40000E-04],[5.40000E-04,5.50000E-04],[5.50000E-04,5.60000E-04],[5.60000E-04,5.70000E-04],[5.70000E-04,5.80000E-04],[5.80000E-04,5.90000E-04],[5.90000E-04,6.00000E-04],[6.00000E-04,6.10000E-04],[6.10000E-04,6.20000E-04],[6.20000E-04,6.30000E-04],[6.30000E-04,6.40000E-04],[6.40000E-04,6.50000E-04],[6.50000E-04,6.60000E-04],[6.60000E-04,6.70000E-04],[6.70000E-04,6.80000E-04],[6.80000E-04,6.90000E-04],[6.90000E-04,7.00000E-04]],
    "Res":[[[1.29502E+08,3.08056E+04]],[[6.39391E+02,5.99604E+01]],[[6.83418E+01,7.42945E+00]],[[1.64334E+01,1.86998E+00]],[[5.67863E+00,6.75440E-01]],[[2.41937E+00,2.98754E-01]],[[1.18118E+00,1.50361E-01]],[[6.35399E-01,8.27978E-02]],[[3.67871E-01,4.88851E-02]],[[2.25114E-01,3.03935E-02]],[[1.44221E-01,1.97198E-02]],[[9.58650E-02,1.32797E-02]],[[6.57493E-02,9.19221E-03]],[[4.62716E-02,6.52379E-03]],[[3.32970E-02,4.73466E-03]],[[2.44569E-02,3.50453E-03]],[[1.82769E-02,2.63464E-03]],[[1.38398E-02,2.00082E-03]],[[1.06376E-02,1.54481E-03]],[[8.27733E-03,1.20744E-03]],[[6.51337E-03,9.54481E-04]],[[5.17041E-03,7.59745E-04]],[[4.14138E-03,6.11560E-04]],[[3.34458E-03,4.94479E-04]],[[2.72616E-03,4.04602E-04]],[[2.23123E-03,3.31974E-04]],[[1.84244E-03,2.74936E-04]],[[1.52854E-03,2.28204E-04]],[[1.27501E-03,1.90924E-04]],[[1.06950E-03,1.60419E-04]],[[9.02281E-04,1.35774E-04]],[[7.63199E-04,1.14885E-04]],[[6.49042E-04,9.78575E-05]],[[5.54260E-04,8.37057E-05]],[[4.74641E-04,7.17614E-05]],[[4.08097E-04,6.17916E-05]],[[3.52147E-04,5.33941E-05]],[[3.04770E-04,4.62237E-05]],[[2.64503E-04,4.02365E-05]],[[2.30256E-04,3.50294E-05]],[[2.00796E-04,3.05785E-05]],[[1.75720E-04,2.67393E-05]],[[1.54448E-04,2.35849E-05]],[[1.35524E-04,2.07267E-05]],[[1.19480E-04,1.82672E-05]],[[1.05512E-04,1.61730E-05]],[[9.32476E-05,1.43174E-05]],[[8.27100E-05,1.26747E-05]],[[7.34296E-05,1.12777E-05]],[[6.53635E-05,1.00417E-05]],[[5.82087E-05,8.95204E-06]],[[5.19740E-05,8.00490E-06]],[[4.64694E-05,7.16722E-06]],[[4.15974E-05,6.41905E-06]],[[3.72971E-05,5.74951E-06]],[[3.34848E-05,5.16664E-06]],[[3.01259E-05,4.65285E-06]],[[2.71471E-05,4.19623E-06]],[[2.44387E-05,3.77820E-06]],[[2.20888E-05,3.42560E-06]],[[1.99323E-05,3.08655E-06]],[[1.80259E-05,2.79181E-06]],[[1.63424E-05,2.53637E-06]],[[1.48018E-05,2.29990E-06]],[[1.34294E-05,2.08687E-06]],[[1.21886E-05,1.88943E-06]],[[1.11210E-05,1.73151E-06]],[[1.01146E-05,1.57247E-06]],[[9.20910E-06,1.42803E-06]],[[8.39738E-06,1.30787E-06]]]
  }
}
