{
  "seed":1260093927,
  "pop":100000,
  "Source_batches":3,
  "Time_increment":1.00000E-05,
  "Time_bins":70,
  "Total_CPU_Time":7.60354E+02,
  "Transport_time":4.89261E+01,
  "batchSize":1,
  "flux_time":{
    "TimeBounds":[[0.00000E+00,1.00000E-05],[1.00000E-05,2.00000E-05],[2.00000E-05,3.00000E-05],[3.00000E-05,4.00000E-05],[4.00000E-05,5.00000E-05],[5.00000E-05,6.00000E-05],[6.00000E-05,7.00000E-05],[7.00000E-05,8.00000E-05],[8.00000E-05,9.00000E-05],[9.00000E-05,1.00000E-04],[1.00000E-04,1.10000E-04],[1.10000E-04,1.20000E-04],[1.20000E-04,1.30000E-04],[1.30000E-04,1.40000E-04],[1.40000E-04,1.50000E-04],[1.50000E-04,1.60000E-04],[1.60000E-04,1.70000E-04],[1.70000E-04,1.80000E-04],[1.80000E-04,1.90000E-04],[1.90000E-04,2.00000E-04],[2.00000E-04,2.10000E-04],[2.10000E-04,2.20000E-04],[2.20000E-04,2.30000E-04],[2.30000E-04,2.40000E-04],[2.40000E-04,2.50000E-04],[2.50000E-04,2.60000E-04],[2.60000E-04,2.70000E-04],[2.70000E-04,2.80000E-04],[2.80000E-04,2.90000E-04],[2.90000E-04,3.00000E-04],[3.00000E-04,3.10000E-04],[3.10000E-04,3.20000E-04],[3.20000E-04,3.30000E-04],[3.30000E-04,3.40000E-04],[3.40000E-04,3.50000E-04],[3.50000E-04,3.60000E-04],[3.60000E-04,3.70000E-04],[3.70000E-04,3.80000E-04],[3.80000E-04,3.90000E-04],[3.90000E-04,4.00000E-04],[4.00000E-04,4.10000E-04],[4.10000E-04,4.20000E-04],[4.20000E-04,4.30000E-04],[4.30000E-04,4.40000E-04],[4.40000E-04,4.50000E-04],[4.50000E-04,4.60000E-04],[4.60000E-04,4.70000E-04],[4.70000E-04,4.80000E-04],[4.80000E-04,4.90000E-04],[4.90000E-04,5.00000E-04],[5.00000E-04,5.10000E-04],[5.10000E-04,5.20000E-04],[5.20000E-04,5.30000E-04],[5.30000E-04,5.40000E-04],[5.40000E-04,5.50000E-04],[5.50000E-04,5.60000E-04],[5.60000E-04,5.70000E-04],[5.70000E-04,5.80000E-04],[5.80000E-04,5.90000E-04],[5.90000E-04,6.00000E-04],[6.00000E-04,6.10000E-04],[6.10000E-04,6.20000E-04],[6.20000E-04,6.30000E-04],[6.30000E-04,6.40000E-04],[6.40000E-04,6.50000E-04],[6.50000E-04,6.60000E-04],[6.60000E-04,6.70000E-04],[6.70000E-04,6.80000E-04],[6.80000E-04,6.90000E-04],[6.90000E-04,7.00000E-04]],
    "Res":[[[3.62302E+06,1.16271E+04]],[[1.75770E+03,7.82383E+01]],[[1.17957E+03,4.94975E+01]],[[1.00553E+03,3.21984E+01]],[[8.87388E+02,2.38982E+01]],[[8.05020E+02,2.19780E+01]],[[7.36157E+02,2.09995E+01]],[[6.80537E+02,1.89091E+01]],[[6.36032E+02,1.88355E+01]],[[5.90845E+02,1.52399E+01]],[[5.50215E+02,1.46954E+01]],[[5.10706E+02,1.41965E+01]],[[4.70883E+02,1.50386E+01]],[[4.32837E+02,1.59587E+01]],[[3.96150E+02,1.50140E+01]],[[3.63974E+02,1.46077E+01]],[[3.33487E+02,1.23597E+01]],[[3.06259E+02,1.10253E+01]],[[2.79565E+02,1.00376E+01]],[[2.55899E+02,9.32569E+00]],[[2.33443E+02,8.68938E+00]],[[2.11722E+02,7.72650E+00]],[[1.92787E+02,6.99094E+00]],[[1.75797E+02,6.54600E+00]],[[1.60030E+02,6.04217E+00]],[[1.45527E+02,5.81916E+00]],[[1.32733E+02,5.31818E+00]],[[1.20615E+02,5.22845E+00]],[[1.09616E+02,4.94509E+00]],[[9.94784E+01,4.42897E+00]],[[9.04368E+01,4.00814E+00]],[[8.22663E+01,3.75505E+00]],[[7.50565E+01,3.49278E+00]],[[6.84197E+01,3.20303E+00]],[[6.22505E+01,2.94353E+00]],[[5.66157E+01,2.73842E+00]],[[5.16495E+01,2.47384E+00]],[[4.69808E+01,2.18826E+00]],[[4.28135E+01,1.99966E+00]],[[3.90061E+01,1.79670E+00]],[[3.55710E+01,1.70150E+00]],[[3.24265E+01,1.63908E+00]],[[2.94930E+01,1.52117E+00]],[[2.68875E+01,1.36937E+00]],[[2.45270E+01,1.25631E+00]],[[2.24319E+01,1.16564E+00]],[[2.04662E+01,1.09884E+00]],[[1.86661E+01,1.03596E+00]],[[1.70003E+01,9.88679E-01]],[[1.55020E+01,9.25585E-01]],[[1.41608E+01,8.40529E-01]],[[1.29176E+01,7.62445E-01]],[[1.18370E+01,7.34655E-01]],[[1.08148E+01,6.88401E-01]],[[9.88871E+00,6.62219E-01]],[[9.06884E+00,6.30930E-01]],[[8.29500E+00,6.06126E-01]],[[7.58666E+00,5.73649E-01]],[[6.94192E+00,5.50714E-01]],[[6.35257E+00,5.16538E-01]],[[5.82310E+00,4.85865E-01]],[[5.32952E+00,4.55805E-01]],[[4.87709E+00,4.33033E-01]],[[4.47797E+00,4.26228E-01]],[[4.09679E+00,4.06803E-01]],[[3.77212E+00,3.97651E-01]],[[3.47694E+00,3.88130E-01]],[[3.19928E+00,3.78457E-01]],[[2.93485E+00,3.62894E-01]],[[2.70572E+00,3.52951E-01]]],
    "FoM":[[5.47754E-04],[5.86903E-03],[9.84045E-03],[1.98238E-02],[3.17574E-02],[3.40635E-02],[3.41203E-02],[3.89018E-02],[3.66424E-02],[5.19962E-02],[5.20751E-02],[5.17924E-02],[4.25558E-02],[3.47368E-02],[3.59190E-02],[3.48630E-02],[4.46195E-02],[5.14952E-02],[5.67133E-02],[6.01403E-02],[6.31922E-02],[7.24868E-02],[8.06242E-02],[8.38531E-02],[8.95935E-02],[8.78378E-02],[9.59210E-02],[9.01810E-02],[9.16186E-02],[1.03653E-01],[1.15058E-01],[1.19248E-01],[1.25749E-01],[1.36307E-01],[1.46847E-01],[1.54311E-01],[1.72497E-01],[2.00532E-01],[2.18840E-01],[2.46969E-01],[2.51127E-01],[2.46694E-01],[2.60510E-01],[2.93066E-01],[3.17619E-01],[3.37440E-01],[3.46441E-01],[3.55489E-01],[3.55472E-01],[3.69840E-01],[4.09676E-01],[4.54177E-01],[4.48265E-01],[4.66440E-01],[4.60889E-01],[4.65639E-01],[4.61477E-01],[4.71213E-01],[4.67828E-01],[4.86637E-01],[5.04176E-01],[5.24313E-01],[5.31593E-01],[5.03798E-01],[5.05982E-01],[4.87575E-01],[4.71739E-01],[4.56539E-01],[4.55497E-01],[4.43928E-01]]
  }
}
