{
  "seed":1299144764,
  "pop":100000,
  "Source_batches":3,
  "Time_increment":1.00000E-05,
  "Time_bins":70,
  "Total_CPU_Time":4.91455E+02,
  "Transport_time":3.12691E+01,
  "batchSize":1,
  "flux_time":{
    "TimeBounds":[[0.00000E+00,1.00000E-05],[1.00000E-05,2.00000E-05],[2.00000E-05,3.00000E-05],[3.00000E-05,4.00000E-05],[4.00000E-05,5.00000E-05],[5.00000E-05,6.00000E-05],[6.00000E-05,7.00000E-05],[7.00000E-05,8.00000E-05],[8.00000E-05,9.00000E-05],[9.00000E-05,1.00000E-04],[1.00000E-04,1.10000E-04],[1.10000E-04,1.20000E-04],[1.20000E-04,1.30000E-04],[1.30000E-04,1.40000E-04],[1.40000E-04,1.50000E-04],[1.50000E-04,1.60000E-04],[1.60000E-04,1.70000E-04],[1.70000E-04,1.80000E-04],[1.80000E-04,1.90000E-04],[1.90000E-04,2.00000E-04],[2.00000E-04,2.10000E-04],[2.10000E-04,2.20000E-04],[2.20000E-04,2.30000E-04],[2.30000E-04,2.40000E-04],[2.40000E-04,2.50000E-04],[2.50000E-04,2.60000E-04],[2.60000E-04,2.70000E-04],[2.70000E-04,2.80000E-04],[2.80000E-04,2.90000E-04],[2.90000E-04,3.00000E-04],[3.00000E-04,3.10000E-04],[3.10000E-04,3.20000E-04],[3.20000E-04,3.30000E-04],[3.30000E-04,3.40000E-04],[3.40000E-04,3.50000E-04],[3.50000E-04,3.60000E-04],[3.60000E-04,3.70000E-04],[3.70000E-04,3.80000E-04],[3.80000E-04,3.90000E-04],[3.90000E-04,4.00000E-04],[4.00000E-04,4.10000E-04],[4.10000E-04,4.20000E-04],[4.20000E-04,4.30000E-04],[4.30000E-04,4.40000E-04],[4.40000E-04,4.50000E-04],[4.50000E-04,4.60000E-04],[4.60000E-04,4.70000E-04],[4.70000E-04,4.80000E-04],[4.80000E-04,4.90000E-04],[4.90000E-04,5.00000E-04],[5.00000E-04,5.10000E-04],[5.10000E-04,5.20000E-04],[5.20000E-04,5.30000E-04],[5.30000E-04,5.40000E-04],[5.40000E-04,5.50000E-04],[5.50000E-04,5.60000E-04],[5.60000E-04,5.70000E-04],[5.70000E-04,5.80000E-04],[5.80000E-04,5.90000E-04],[5.90000E-04,6.00000E-04],[6.00000E-04,6.10000E-04],[6.10000E-04,6.20000E-04],[6.20000E-04,6.30000E-04],[6.30000E-04,6.40000E-04],[6.40000E-04,6.50000E-04],[6.50000E-04,6.60000E-04],[6.60000E-04,6.70000E-04],[6.70000E-04,6.80000E-04],[6.80000E-04,6.90000E-04],[6.90000E-04,7.00000E-04]],
    "Res":[[[3.60262E+01,2.11376E-01]],[[1.65549E-02,1.54873E-04]],[[1.13299E-02,7.89293E-05]],[[9.44697E-03,4.74244E-05]],[[8.19601E-03,3.14780E-05]],[[7.50929E-03,2.50082E-05]],[[6.96023E-03,2.18014E-05]],[[6.42933E-03,1.94271E-05]],[[5.98523E-03,1.74968E-05]],[[5.52113E-03,1.51270E-05]],[[5.09501E-03,1.42837E-05]],[[4.71039E-03,1.33534E-05]],[[4.35300E-03,1.19600E-05]],[[3.98238E-03,1.09405E-05]],[[3.65917E-03,1.00787E-05]],[[3.35417E-03,9.19287E-06]],[[3.07438E-03,8.81935E-06]],[[2.81609E-03,7.92872E-06]],[[2.57606E-03,7.26403E-06]],[[2.36371E-03,6.62384E-06]],[[2.16113E-03,6.20016E-06]],[[1.96594E-03,5.69065E-06]],[[1.79569E-03,5.15936E-06]],[[1.63360E-03,4.70447E-06]],[[1.49023E-03,4.38802E-06]],[[1.35843E-03,3.95970E-06]],[[1.23521E-03,3.61479E-06]],[[1.12779E-03,3.37783E-06]],[[1.02346E-03,3.08547E-06]],[[9.35603E-04,2.83479E-06]],[[8.50011E-04,2.62146E-06]],[[7.70175E-04,2.36577E-06]],[[7.02246E-04,2.23010E-06]],[[6.38662E-04,1.98859E-06]],[[5.80340E-04,1.85551E-06]],[[5.28877E-04,1.65030E-06]],[[4.81340E-04,1.55282E-06]],[[4.37850E-04,1.40154E-06]],[[3.99371E-04,1.30161E-06]],[[3.63746E-04,1.14347E-06]],[[3.31765E-04,1.06996E-06]],[[3.02280E-04,9.65228E-07]],[[2.74869E-04,9.14788E-07]],[[2.50472E-04,8.14847E-07]],[[2.28823E-04,7.50970E-07]],[[2.09318E-04,7.12675E-07]],[[1.90724E-04,6.37120E-07]],[[1.73814E-04,6.14447E-07]],[[1.58269E-04,5.38183E-07]],[[1.44424E-04,4.98887E-07]],[[1.31533E-04,4.57684E-07]],[[1.20008E-04,4.22954E-07]],[[1.09501E-04,3.89711E-07]],[[9.99231E-05,3.52591E-07]],[[9.08269E-05,3.17210E-07]],[[8.24714E-05,2.92367E-07]],[[7.52226E-05,2.69424E-07]],[[6.84094E-05,2.52157E-07]],[[6.21764E-05,2.27889E-07]],[[5.65506E-05,2.16318E-07]],[[5.15582E-05,1.88028E-07]],[[4.68495E-05,1.72217E-07]],[[4.26934E-05,1.58122E-07]],[[3.89289E-05,1.44736E-07]],[[3.55577E-05,1.32829E-07]],[[3.24542E-05,1.19610E-07]],[[2.96921E-05,1.14435E-07]],[[2.71507E-05,1.04654E-07]],[[2.48826E-05,9.60384E-08]],[[2.26894E-05,9.03491E-08]]],
    "FoM":[[2.57865E+01],[2.20731E+04],[5.81614E+04],[1.34330E+05],[2.64528E+05],[3.83989E+05],[4.68316E+05],[5.44798E+05],[6.25245E+05],[7.71629E+05],[7.98632E+05],[8.44801E+05],[9.73213E+05],[1.06402E+06],[1.15202E+06],[1.26931E+06],[1.26406E+06],[1.43260E+06],[1.56129E+06],[1.72289E+06],[1.79788E+06],[1.94147E+06],[2.15737E+06],[2.36051E+06],[2.47515E+06],[2.77074E+06],[3.02314E+06],[3.16110E+06],[3.43806E+06],[3.72336E+06],[3.95568E+06],[4.40078E+06],[4.51571E+06],[5.16492E+06],[5.39062E+06],[6.21028E+06],[6.38404E+06],[7.12856E+06],[7.53879E+06],[8.89682E+06],[9.26790E+06],[1.03761E+07],[1.05043E+07],[1.20640E+07],[1.29759E+07],[1.31798E+07],[1.50261E+07],[1.47231E+07],[1.74751E+07],[1.85576E+07],[2.00811E+07],[2.14540E+07],[2.30578E+07],[2.57044E+07],[2.88672E+07],[3.08553E+07],[3.31406E+07],[3.44079E+07],[3.82880E+07],[3.86490E+07],[4.66378E+07],[5.05171E+07],[5.46086E+07],[5.94299E+07],[6.44509E+07],[7.25477E+07],[7.25122E+07],[7.92781E+07],[8.62761E+07],[8.88914E+07]],
    "SimTime":[3.12691E+01]
  }
}
