{
  "seed":-1912002760,
  "pop":1000000,
  "Source_batches":5,
  "Time_increment":1.00000E-05,
  "Time_bins":70,
  "Total_CPU_Time":2.55508E+04,
  "Transport_time":1.72240E+03,
  "batchSize":1,
  "flux_time":{
    "TimeBounds":[[0.00000E+00,1.00000E-05],[1.00000E-05,2.00000E-05],[2.00000E-05,3.00000E-05],[3.00000E-05,4.00000E-05],[4.00000E-05,5.00000E-05],[5.00000E-05,6.00000E-05],[6.00000E-05,7.00000E-05],[7.00000E-05,8.00000E-05],[8.00000E-05,9.00000E-05],[9.00000E-05,1.00000E-04],[1.00000E-04,1.10000E-04],[1.10000E-04,1.20000E-04],[1.20000E-04,1.30000E-04],[1.30000E-04,1.40000E-04],[1.40000E-04,1.50000E-04],[1.50000E-04,1.60000E-04],[1.60000E-04,1.70000E-04],[1.70000E-04,1.80000E-04],[1.80000E-04,1.90000E-04],[1.90000E-04,2.00000E-04],[2.00000E-04,2.10000E-04],[2.10000E-04,2.20000E-04],[2.20000E-04,2.30000E-04],[2.30000E-04,2.40000E-04],[2.40000E-04,2.50000E-04],[2.50000E-04,2.60000E-04],[2.60000E-04,2.70000E-04],[2.70000E-04,2.80000E-04],[2.80000E-04,2.90000E-04],[2.90000E-04,3.00000E-04],[3.00000E-04,3.10000E-04],[3.10000E-04,3.20000E-04],[3.20000E-04,3.30000E-04],[3.30000E-04,3.40000E-04],[3.40000E-04,3.50000E-04],[3.50000E-04,3.60000E-04],[3.60000E-04,3.70000E-04],[3.70000E-04,3.80000E-04],[3.80000E-04,3.90000E-04],[3.90000E-04,4.00000E-04],[4.00000E-04,4.10000E-04],[4.10000E-04,4.20000E-04],[4.20000E-04,4.30000E-04],[4.30000E-04,4.40000E-04],[4.40000E-04,4.50000E-04],[4.50000E-04,4.60000E-04],[4.60000E-04,4.70000E-04],[4.70000E-04,4.80000E-04],[4.80000E-04,4.90000E-04],[4.90000E-04,5.00000E-04],[5.00000E-04,5.10000E-04],[5.10000E-04,5.20000E-04],[5.20000E-04,5.30000E-04],[5.30000E-04,5.40000E-04],[5.40000E-04,5.50000E-04],[5.50000E-04,5.60000E-04],[5.60000E-04,5.70000E-04],[5.70000E-04,5.80000E-04],[5.80000E-04,5.90000E-04],[5.90000E-04,6.00000E-04],[6.00000E-04,6.10000E-04],[6.10000E-04,6.20000E-04],[6.20000E-04,6.30000E-04],[6.30000E-04,6.40000E-04],[6.40000E-04,6.50000E-04],[6.50000E-04,6.60000E-04],[6.60000E-04,6.70000E-04],[6.70000E-04,6.80000E-04],[6.80000E-04,6.90000E-04],[6.90000E-04,7.00000E-04]],
    "Res":[[[3.61383E+07,7.88982E+03]],[[1.78268E+04,8.60763E+01]],[[1.20963E+04,4.28030E+01]],[[9.99208E+03,5.60526E+01]],[[8.78754E+03,5.41572E+01]],[[7.95283E+03,5.90691E+01]],[[7.27846E+03,4.72689E+01]],[[6.70589E+03,4.17327E+01]],[[6.20642E+03,4.46389E+01]],[[5.74820E+03,4.23301E+01]],[[5.32268E+03,4.52331E+01]],[[4.91560E+03,4.81913E+01]],[[4.53785E+03,4.25613E+01]],[[4.18029E+03,3.74014E+01]],[[3.83846E+03,3.33239E+01]],[[3.52398E+03,3.00184E+01]],[[3.22675E+03,2.62695E+01]],[[2.94969E+03,2.53981E+01]],[[2.69226E+03,2.31903E+01]],[[2.45900E+03,2.15048E+01]],[[2.24140E+03,2.00681E+01]],[[2.04293E+03,1.88393E+01]],[[1.86502E+03,1.73371E+01]],[[1.69869E+03,1.68116E+01]],[[1.54694E+03,1.63344E+01]],[[1.40832E+03,1.54949E+01]],[[1.28339E+03,1.41349E+01]],[[1.16883E+03,1.30659E+01]],[[1.06416E+03,1.19300E+01]],[[9.69099E+02,1.16801E+01]],[[8.82601E+02,1.04472E+01]],[[8.03538E+02,9.27312E+00]],[[7.30975E+02,8.51877E+00]],[[6.65792E+02,7.70790E+00]],[[6.06462E+02,7.01722E+00]],[[5.52517E+02,6.32337E+00]],[[5.03510E+02,5.81356E+00]],[[4.58215E+02,5.16428E+00]],[[4.17649E+02,4.59798E+00]],[[3.80042E+02,4.24453E+00]],[[3.46826E+02,3.78716E+00]],[[3.15852E+02,3.69261E+00]],[[2.87658E+02,3.42154E+00]],[[2.62260E+02,3.12815E+00]],[[2.38653E+02,2.92281E+00]],[[2.17213E+02,2.84075E+00]],[[1.98095E+02,2.64126E+00]],[[1.80518E+02,2.42682E+00]],[[1.64649E+02,2.19037E+00]],[[1.50075E+02,2.00799E+00]],[[1.36819E+02,1.85735E+00]],[[1.24770E+02,1.67944E+00]],[[1.13891E+02,1.58139E+00]],[[1.03575E+02,1.41801E+00]],[[9.44720E+01,1.35136E+00]],[[8.61586E+01,1.23680E+00]],[[7.83699E+01,1.01084E+00]],[[7.14632E+01,9.16924E-01]],[[6.52032E+01,8.30235E-01]],[[5.94565E+01,7.56551E-01]],[[5.42675E+01,7.01885E-01]],[[4.94957E+01,6.46665E-01]],[[4.51513E+01,6.00220E-01]],[[4.11814E+01,5.35485E-01]],[[3.75581E+01,4.93575E-01]],[[3.42638E+01,4.46620E-01]],[[3.12709E+01,4.10333E-01]],[[2.85235E+01,3.73040E-01]],[[2.60320E+01,3.44554E-01]],[[2.37641E+01,3.17887E-01]]]
  }
}
