{
  "seed":-504365149,
  "pop":1000000,
  "Source_batches":25,
  "Time_increment":1.00000E-05,
  "Time_bins":70,
  "Total_CPU_Time":1.46170E+04,
  "Transport_time":0.00000E+00,
  "batchSize":1,
  "flux_time":{
    "TimeBounds":[[0.00000E+00,1.00000E-05],[1.00000E-05,2.00000E-05],[2.00000E-05,3.00000E-05],[3.00000E-05,4.00000E-05],[4.00000E-05,5.00000E-05],[5.00000E-05,6.00000E-05],[6.00000E-05,7.00000E-05],[7.00000E-05,8.00000E-05],[8.00000E-05,9.00000E-05],[9.00000E-05,1.00000E-04],[1.00000E-04,1.10000E-04],[1.10000E-04,1.20000E-04],[1.20000E-04,1.30000E-04],[1.30000E-04,1.40000E-04],[1.40000E-04,1.50000E-04],[1.50000E-04,1.60000E-04],[1.60000E-04,1.70000E-04],[1.70000E-04,1.80000E-04],[1.80000E-04,1.90000E-04],[1.90000E-04,2.00000E-04],[2.00000E-04,2.10000E-04],[2.10000E-04,2.20000E-04],[2.20000E-04,2.30000E-04],[2.30000E-04,2.40000E-04],[2.40000E-04,2.50000E-04],[2.50000E-04,2.60000E-04],[2.60000E-04,2.70000E-04],[2.70000E-04,2.80000E-04],[2.80000E-04,2.90000E-04],[2.90000E-04,3.00000E-04],[3.00000E-04,3.10000E-04],[3.10000E-04,3.20000E-04],[3.20000E-04,3.30000E-04],[3.30000E-04,3.40000E-04],[3.40000E-04,3.50000E-04],[3.50000E-04,3.60000E-04],[3.60000E-04,3.70000E-04],[3.70000E-04,3.80000E-04],[3.80000E-04,3.90000E-04],[3.90000E-04,4.00000E-04],[4.00000E-04,4.10000E-04],[4.10000E-04,4.20000E-04],[4.20000E-04,4.30000E-04],[4.30000E-04,4.40000E-04],[4.40000E-04,4.50000E-04],[4.50000E-04,4.60000E-04],[4.60000E-04,4.70000E-04],[4.70000E-04,4.80000E-04],[4.80000E-04,4.90000E-04],[4.90000E-04,5.00000E-04],[5.00000E-04,5.10000E-04],[5.10000E-04,5.20000E-04],[5.20000E-04,5.30000E-04],[5.30000E-04,5.40000E-04],[5.40000E-04,5.50000E-04],[5.50000E-04,5.60000E-04],[5.60000E-04,5.70000E-04],[5.70000E-04,5.80000E-04],[5.80000E-04,5.90000E-04],[5.90000E-04,6.00000E-04],[6.00000E-04,6.10000E-04],[6.10000E-04,6.20000E-04],[6.20000E-04,6.30000E-04],[6.30000E-04,6.40000E-04],[6.40000E-04,6.50000E-04],[6.50000E-04,6.60000E-04],[6.60000E-04,6.70000E-04],[6.70000E-04,6.80000E-04],[6.80000E-04,6.90000E-04],[6.90000E-04,7.00000E-04]],
    "Res":[[[1.29511E+08,1.91647E+04]],[[6.45208E+02,7.96994E+01]],[[6.13129E+01,8.12319E+00]],[[1.50992E+01,2.10924E+00]],[[5.49362E+00,8.51207E-01]],[[2.47918E+00,4.32778E-01]],[[1.28220E+00,2.50120E-01]],[[7.28153E-01,1.56335E-01]],[[4.42612E-01,1.03084E-01]],[[2.83324E-01,7.06065E-02]],[[1.89109E-01,4.99815E-02]],[[1.30429E-01,3.62099E-02]],[[9.24178E-02,2.67542E-02]],[[6.70111E-02,2.01116E-02]],[[4.96125E-02,1.53619E-02]],[[3.73493E-02,1.19050E-02]],[[2.85103E-02,9.30579E-03]],[[2.21035E-02,7.37919E-03]],[[1.73051E-02,5.88501E-03]],[[1.36977E-02,4.74122E-03]],[[1.09531E-02,3.85030E-03]],[[8.83306E-03,3.15230E-03]],[[7.17403E-03,2.59327E-03]],[[5.87428E-03,2.14883E-03]],[[4.84359E-03,1.79074E-03]],[[4.01531E-03,1.50000E-03]],[[3.35421E-03,1.26600E-03]],[[2.80973E-03,1.06919E-03]],[[2.36952E-03,9.09596E-04]],[[2.00474E-03,7.75603E-04]],[[1.70444E-03,6.64546E-04]],[[1.45399E-03,5.70298E-04]],[[1.24591E-03,4.92049E-04]],[[1.07001E-03,4.24280E-04]],[[9.23829E-04,3.68456E-04]],[[8.00001E-04,3.20733E-04]],[[6.94222E-04,2.79864E-04]],[[6.04270E-04,2.44842E-04]],[[5.27501E-04,2.14525E-04]],[[4.61622E-04,1.88640E-04]],[[4.05266E-04,1.66296E-04]],[[3.56048E-04,1.46744E-04]],[[3.13947E-04,1.29933E-04]],[[2.77228E-04,1.15172E-04]],[[2.45337E-04,1.02097E-04]],[[2.17393E-04,9.07125E-05]],[[1.93171E-04,8.08937E-05]],[[1.71943E-04,7.22330E-05]],[[1.53357E-04,6.45787E-05]],[[1.36827E-04,5.77600E-05]],[[1.22386E-04,5.18014E-05]],[[1.09546E-04,4.64830E-05]],[[9.82529E-05,4.17692E-05]],[[8.83877E-05,3.77438E-05]],[[7.93863E-05,3.38971E-05]],[[7.15481E-05,3.06931E-05]],[[6.43694E-05,2.75820E-05]],[[5.82535E-05,2.50670E-05]],[[5.26009E-05,2.26407E-05]],[[4.75728E-05,2.05203E-05]],[[4.31140E-05,1.86283E-05]],[[3.91477E-05,1.69660E-05]],[[3.54576E-05,1.53534E-05]],[[3.22911E-05,1.40324E-05]],[[2.93549E-05,1.27789E-05]],[[2.66945E-05,1.16261E-05]],[[2.43659E-05,1.06375E-05]],[[2.22149E-05,9.71666E-06]],[[2.02653E-05,8.85657E-06]],[[1.85186E-05,8.11369E-06]]]
  }
}
