{
  "seed":-545764181,
  "pop":1000000,
  "Source_batches":3,
  "Time_increment":1.00000E-05,
  "Time_bins":70,
  "Total_CPU_Time":1.90652E+03,
  "Transport_time":0.00000E+00,
  "batchSize":1,
  "flux_time":{
    "TimeBounds":[[0.00000E+00,1.00000E-05],[1.00000E-05,2.00000E-05],[2.00000E-05,3.00000E-05],[3.00000E-05,4.00000E-05],[4.00000E-05,5.00000E-05],[5.00000E-05,6.00000E-05],[6.00000E-05,7.00000E-05],[7.00000E-05,8.00000E-05],[8.00000E-05,9.00000E-05],[9.00000E-05,1.00000E-04],[1.00000E-04,1.10000E-04],[1.10000E-04,1.20000E-04],[1.20000E-04,1.30000E-04],[1.30000E-04,1.40000E-04],[1.40000E-04,1.50000E-04],[1.50000E-04,1.60000E-04],[1.60000E-04,1.70000E-04],[1.70000E-04,1.80000E-04],[1.80000E-04,1.90000E-04],[1.90000E-04,2.00000E-04],[2.00000E-04,2.10000E-04],[2.10000E-04,2.20000E-04],[2.20000E-04,2.30000E-04],[2.30000E-04,2.40000E-04],[2.40000E-04,2.50000E-04],[2.50000E-04,2.60000E-04],[2.60000E-04,2.70000E-04],[2.70000E-04,2.80000E-04],[2.80000E-04,2.90000E-04],[2.90000E-04,3.00000E-04],[3.00000E-04,3.10000E-04],[3.10000E-04,3.20000E-04],[3.20000E-04,3.30000E-04],[3.30000E-04,3.40000E-04],[3.40000E-04,3.50000E-04],[3.50000E-04,3.60000E-04],[3.60000E-04,3.70000E-04],[3.70000E-04,3.80000E-04],[3.80000E-04,3.90000E-04],[3.90000E-04,4.00000E-04],[4.00000E-04,4.10000E-04],[4.10000E-04,4.20000E-04],[4.20000E-04,4.30000E-04],[4.30000E-04,4.40000E-04],[4.40000E-04,4.50000E-04],[4.50000E-04,4.60000E-04],[4.60000E-04,4.70000E-04],[4.70000E-04,4.80000E-04],[4.80000E-04,4.90000E-04],[4.90000E-04,5.00000E-04],[5.00000E-04,5.10000E-04],[5.10000E-04,5.20000E-04],[5.20000E-04,5.30000E-04],[5.30000E-04,5.40000E-04],[5.40000E-04,5.50000E-04],[5.50000E-04,5.60000E-04],[5.60000E-04,5.70000E-04],[5.70000E-04,5.80000E-04],[5.80000E-04,5.90000E-04],[5.90000E-04,6.00000E-04],[6.00000E-04,6.10000E-04],[6.10000E-04,6.20000E-04],[6.20000E-04,6.30000E-04],[6.30000E-04,6.40000E-04],[6.40000E-04,6.50000E-04],[6.50000E-04,6.60000E-04],[6.60000E-04,6.70000E-04],[6.70000E-04,6.80000E-04],[6.80000E-04,6.90000E-04],[6.90000E-04,7.00000E-04]],
    "Res":[[[5.85410E+07,3.34871E+04]],[[1.29902E+06,NaN]],[[1.15766E+06,NaN]],[[1.07943E+06,NaN]],[[1.01639E+06,NaN]],[[9.61044E+05,NaN]],[[9.11417E+05,NaN]],[[8.65177E+05,NaN]],[[8.21780E+05,NaN]],[[7.81883E+05,NaN]],[[7.43992E+05,NaN]],[[7.08292E+05,NaN]],[[6.74346E+05,NaN]],[[6.42271E+05,NaN]],[[6.11895E+05,NaN]],[[5.83021E+05,NaN]],[[5.56744E+05,NaN]],[[5.30564E+05,NaN]],[[5.06231E+05,NaN]],[[4.83386E+05,NaN]],[[4.61666E+05,NaN]],[[4.41177E+05,NaN]],[[4.21620E+05,NaN]],[[4.03027E+05,NaN]],[[3.85928E+05,NaN]],[[3.69010E+05,NaN]],[[3.53381E+05,NaN]],[[3.38667E+05,NaN]],[[3.24396E+05,NaN]],[[3.11103E+05,NaN]],[[2.98521E+05,NaN]],[[2.86405E+05,NaN]],[[2.74803E+05,NaN]],[[2.63774E+05,NaN]],[[2.53602E+05,NaN]],[[2.43671E+05,NaN]],[[2.34103E+05,NaN]],[[2.25324E+05,NaN]],[[2.16772E+05,NaN]],[[2.08661E+05,NaN]],[[2.00881E+05,NaN]],[[1.93506E+05,NaN]],[[1.86369E+05,NaN]],[[1.79764E+05,NaN]],[[1.73392E+05,NaN]],[[1.67315E+05,NaN]],[[1.61538E+05,NaN]],[[1.55905E+05,NaN]],[[1.50601E+05,NaN]],[[1.45475E+05,NaN]],[[1.40563E+05,NaN]],[[1.36007E+05,NaN]],[[1.31525E+05,NaN]],[[1.27208E+05,NaN]],[[1.23212E+05,NaN]],[[1.19268E+05,NaN]],[[1.15590E+05,NaN]],[[1.12034E+05,NaN]],[[1.08598E+05,NaN]],[[1.05365E+05,NaN]],[[1.02241E+05,NaN]],[[9.91441E+04,NaN]],[[9.62917E+04,NaN]],[[9.34777E+04,NaN]],[[9.07502E+04,NaN]],[[8.81630E+04,NaN]],[[8.56987E+04,NaN]],[[8.32480E+04,NaN]],[[8.09500E+04,NaN]],[[7.87854E+04,NaN]]]
  }
}
