{
  "seed":1913651928,
  "pop":1000000,
  "Source_batches":5,
  "Time_increment":1.00000E-05,
  "Time_bins":70,
  "Total_CPU_Time":4.56543E+01,
  "Transport_time":0.00000E+00,
  "batchSize":1,
  "flux_time":{
    "TimeBounds":[[0.00000E+00,1.00000E-05],[1.00000E-05,2.00000E-05],[2.00000E-05,3.00000E-05],[3.00000E-05,4.00000E-05],[4.00000E-05,5.00000E-05],[5.00000E-05,6.00000E-05],[6.00000E-05,7.00000E-05],[7.00000E-05,8.00000E-05],[8.00000E-05,9.00000E-05],[9.00000E-05,1.00000E-04],[1.00000E-04,1.10000E-04],[1.10000E-04,1.20000E-04],[1.20000E-04,1.30000E-04],[1.30000E-04,1.40000E-04],[1.40000E-04,1.50000E-04],[1.50000E-04,1.60000E-04],[1.60000E-04,1.70000E-04],[1.70000E-04,1.80000E-04],[1.80000E-04,1.90000E-04],[1.90000E-04,2.00000E-04],[2.00000E-04,2.10000E-04],[2.10000E-04,2.20000E-04],[2.20000E-04,2.30000E-04],[2.30000E-04,2.40000E-04],[2.40000E-04,2.50000E-04],[2.50000E-04,2.60000E-04],[2.60000E-04,2.70000E-04],[2.70000E-04,2.80000E-04],[2.80000E-04,2.90000E-04],[2.90000E-04,3.00000E-04],[3.00000E-04,3.10000E-04],[3.10000E-04,3.20000E-04],[3.20000E-04,3.30000E-04],[3.30000E-04,3.40000E-04],[3.40000E-04,3.50000E-04],[3.50000E-04,3.60000E-04],[3.60000E-04,3.70000E-04],[3.70000E-04,3.80000E-04],[3.80000E-04,3.90000E-04],[3.90000E-04,4.00000E-04],[4.00000E-04,4.10000E-04],[4.10000E-04,4.20000E-04],[4.20000E-04,4.30000E-04],[4.30000E-04,4.40000E-04],[4.40000E-04,4.50000E-04],[4.50000E-04,4.60000E-04],[4.60000E-04,4.70000E-04],[4.70000E-04,4.80000E-04],[4.80000E-04,4.90000E-04],[4.90000E-04,5.00000E-04],[5.00000E-04,5.10000E-04],[5.10000E-04,5.20000E-04],[5.20000E-04,5.30000E-04],[5.30000E-04,5.40000E-04],[5.40000E-04,5.50000E-04],[5.50000E-04,5.60000E-04],[5.60000E-04,5.70000E-04],[5.70000E-04,5.80000E-04],[5.80000E-04,5.90000E-04],[5.90000E-04,6.00000E-04],[6.00000E-04,6.10000E-04],[6.10000E-04,6.20000E-04],[6.20000E-04,6.30000E-04],[6.30000E-04,6.40000E-04],[6.40000E-04,6.50000E-04],[6.50000E-04,6.60000E-04],[6.60000E-04,6.70000E-04],[6.70000E-04,6.80000E-04],[6.80000E-04,6.90000E-04],[6.90000E-04,7.00000E-04]],
    "Res":[[[4.45826E+07,1.06385E+04]],[[8.49392E+04,6.12053E+04]],[[5.09186E+04,3.73021E+04]],[[3.77555E+04,2.85521E+04]],[[3.10798E+04,2.43695E+04]],[[2.67436E+04,2.16902E+04]],[[2.38113E+04,1.97708E+04]],[[2.17189E+04,1.83250E+04]],[[1.99519E+04,1.70984E+04]],[[1.86005E+04,1.60941E+04]],[[1.77515E+04,1.54152E+04]],[[1.67836E+04,1.46498E+04]],[[1.61105E+04,1.40984E+04]],[[1.53722E+04,1.34508E+04]],[[1.47833E+04,1.29859E+04]],[[1.42180E+04,1.25357E+04]],[[1.36356E+04,1.20105E+04]],[[1.32875E+04,1.15826E+04]],[[1.28514E+04,1.12352E+04]],[[1.23152E+04,1.07133E+04]],[[1.19015E+04,1.03535E+04]],[[1.15368E+04,9.98528E+03]],[[1.10976E+04,9.53035E+03]],[[1.07362E+04,9.25155E+03]],[[1.03253E+04,8.85109E+03]],[[9.99057E+03,8.56033E+03]],[[9.76433E+03,8.36901E+03]],[[9.44773E+03,8.03613E+03]],[[9.21186E+03,7.85756E+03]],[[8.92729E+03,7.66175E+03]],[[8.68938E+03,7.39752E+03]],[[8.39299E+03,7.11777E+03]],[[8.12657E+03,6.92222E+03]],[[7.98424E+03,6.84891E+03]],[[7.80117E+03,6.64864E+03]],[[7.65004E+03,6.56868E+03]],[[7.37634E+03,6.35741E+03]],[[7.17189E+03,6.17138E+03]],[[6.96685E+03,5.95638E+03]],[[6.83092E+03,5.86033E+03]],[[6.70299E+03,5.72040E+03]],[[6.50995E+03,5.58576E+03]],[[6.29589E+03,5.36166E+03]],[[6.18453E+03,5.29639E+03]],[[6.02469E+03,5.16228E+03]],[[5.87181E+03,5.05887E+03]],[[5.74154E+03,4.99168E+03]],[[5.64139E+03,4.86709E+03]],[[5.43726E+03,4.73290E+03]],[[5.28516E+03,4.53047E+03]],[[5.16091E+03,4.41753E+03]],[[5.04036E+03,4.29074E+03]],[[4.94288E+03,4.22403E+03]],[[4.86074E+03,4.12651E+03]],[[4.74331E+03,4.06050E+03]],[[4.58061E+03,3.90984E+03]],[[4.53318E+03,3.85796E+03]],[[4.42437E+03,3.80062E+03]],[[4.28520E+03,3.70855E+03]],[[4.21000E+03,3.65086E+03]],[[4.13163E+03,3.57882E+03]],[[3.99078E+03,3.47080E+03]],[[3.95852E+03,3.40434E+03]],[[3.84118E+03,3.28860E+03]],[[3.75699E+03,3.23106E+03]],[[3.68028E+03,3.18821E+03]],[[3.62475E+03,3.12440E+03]],[[3.55490E+03,3.02457E+03]],[[3.49379E+03,2.98960E+03]],[[3.36976E+03,2.89789E+03]]]
  }
}
