{
  "seed":-1153079256,
  "pop":1000000,
  "Source_batches":5,
  "Time_increment":1.00000E-05,
  "Time_bins":70,
  "Total_CPU_Time":1.32165E+04,
  "Transport_time":8.40646E+02,
  "batchSize":1,
  "flux_time":{
    "TimeBounds":[[0.00000E+00,1.00000E-05],[1.00000E-05,2.00000E-05],[2.00000E-05,3.00000E-05],[3.00000E-05,4.00000E-05],[4.00000E-05,5.00000E-05],[5.00000E-05,6.00000E-05],[6.00000E-05,7.00000E-05],[7.00000E-05,8.00000E-05],[8.00000E-05,9.00000E-05],[9.00000E-05,1.00000E-04],[1.00000E-04,1.10000E-04],[1.10000E-04,1.20000E-04],[1.20000E-04,1.30000E-04],[1.30000E-04,1.40000E-04],[1.40000E-04,1.50000E-04],[1.50000E-04,1.60000E-04],[1.60000E-04,1.70000E-04],[1.70000E-04,1.80000E-04],[1.80000E-04,1.90000E-04],[1.90000E-04,2.00000E-04],[2.00000E-04,2.10000E-04],[2.10000E-04,2.20000E-04],[2.20000E-04,2.30000E-04],[2.30000E-04,2.40000E-04],[2.40000E-04,2.50000E-04],[2.50000E-04,2.60000E-04],[2.60000E-04,2.70000E-04],[2.70000E-04,2.80000E-04],[2.80000E-04,2.90000E-04],[2.90000E-04,3.00000E-04],[3.00000E-04,3.10000E-04],[3.10000E-04,3.20000E-04],[3.20000E-04,3.30000E-04],[3.30000E-04,3.40000E-04],[3.40000E-04,3.50000E-04],[3.50000E-04,3.60000E-04],[3.60000E-04,3.70000E-04],[3.70000E-04,3.80000E-04],[3.80000E-04,3.90000E-04],[3.90000E-04,4.00000E-04],[4.00000E-04,4.10000E-04],[4.10000E-04,4.20000E-04],[4.20000E-04,4.30000E-04],[4.30000E-04,4.40000E-04],[4.40000E-04,4.50000E-04],[4.50000E-04,4.60000E-04],[4.60000E-04,4.70000E-04],[4.70000E-04,4.80000E-04],[4.80000E-04,4.90000E-04],[4.90000E-04,5.00000E-04],[5.00000E-04,5.10000E-04],[5.10000E-04,5.20000E-04],[5.20000E-04,5.30000E-04],[5.30000E-04,5.40000E-04],[5.40000E-04,5.50000E-04],[5.50000E-04,5.60000E-04],[5.60000E-04,5.70000E-04],[5.70000E-04,5.80000E-04],[5.80000E-04,5.90000E-04],[5.90000E-04,6.00000E-04],[6.00000E-04,6.10000E-04],[6.10000E-04,6.20000E-04],[6.20000E-04,6.30000E-04],[6.30000E-04,6.40000E-04],[6.40000E-04,6.50000E-04],[6.50000E-04,6.60000E-04],[6.60000E-04,6.70000E-04],[6.70000E-04,6.80000E-04],[6.80000E-04,6.90000E-04],[6.90000E-04,7.00000E-04]],
    "Res":[[[3.64096E+01,8.22560E-02]],[[1.83008E-02,7.93609E-05]],[[1.20607E-02,3.69354E-05]],[[9.98339E-03,2.64977E-05]],[[8.87229E-03,2.17112E-05]],[[7.91239E-03,1.77135E-05]],[[7.24703E-03,1.53445E-05]],[[6.66748E-03,1.39290E-05]],[[6.11985E-03,1.27432E-05]],[[5.65155E-03,1.17680E-05]],[[5.21814E-03,1.08334E-05]],[[4.84438E-03,1.00118E-05]],[[4.45891E-03,9.11441E-06]],[[4.04704E-03,8.41710E-06]],[[3.72942E-03,7.74406E-06]],[[3.40853E-03,7.02822E-06]],[[3.14943E-03,6.60684E-06]],[[2.89160E-03,5.99290E-06]],[[2.62477E-03,5.48764E-06]],[[2.39451E-03,4.99935E-06]],[[2.20047E-03,4.56349E-06]],[[1.99574E-03,4.15781E-06]],[[1.81149E-03,3.79966E-06]],[[1.65469E-03,3.46441E-06]],[[1.50301E-03,3.14607E-06]],[[1.36943E-03,2.85574E-06]],[[1.24994E-03,2.63230E-06]],[[1.14025E-03,2.36802E-06]],[[1.03753E-03,2.16560E-06]],[[9.46696E-04,1.96182E-06]],[[8.58257E-04,1.79116E-06]],[[7.76728E-04,1.62881E-06]],[[7.09669E-04,1.50598E-06]],[[6.48034E-04,1.35029E-06]],[[5.89144E-04,1.25506E-06]],[[5.36864E-04,1.12116E-06]],[[4.87502E-04,1.03331E-06]],[[4.42947E-04,9.32724E-07]],[[4.05041E-04,8.54791E-07]],[[3.67501E-04,7.74581E-07]],[[3.36750E-04,7.06938E-07]],[[3.05433E-04,6.45779E-07]],[[2.79198E-04,5.94041E-07]],[[2.52057E-04,5.37701E-07]],[[2.30467E-04,4.93135E-07]],[[2.10879E-04,4.47598E-07]],[[1.89602E-04,4.09335E-07]],[[1.74813E-04,3.72860E-07]],[[1.60317E-04,3.42100E-07]],[[1.45838E-04,3.11239E-07]],[[1.33437E-04,2.83953E-07]],[[1.21211E-04,2.58031E-07]],[[1.10491E-04,2.36624E-07]],[[9.99307E-05,2.17515E-07]],[[9.14765E-05,1.98440E-07]],[[8.37078E-05,1.81264E-07]],[[7.65571E-05,1.65056E-07]],[[6.96009E-05,1.50296E-07]],[[6.36459E-05,1.39110E-07]],[[5.76574E-05,1.26015E-07]],[[5.18788E-05,1.16191E-07]],[[4.83303E-05,1.05320E-07]],[[4.39108E-05,9.67765E-08]],[[4.02629E-05,8.80216E-08]],[[3.67914E-05,8.09273E-08]],[[3.35355E-05,7.35317E-08]],[[3.06110E-05,6.75266E-08]],[[2.78594E-05,6.17790E-08]],[[2.54028E-05,5.69708E-08]],[[2.32381E-05,5.16993E-08]]]
  }
}
