{
  "seed":-226707934,
  "pop":100000,
  "Source_batches":3,
  "Time_increment":1.00000E-05,
  "Time_bins":70,
  "Total_CPU_Time":4.98908E+02,
  "Transport_time":3.17534E+01,
  "batchSize":1,
  "flux_time":{
    "TimeBounds":[[0.00000E+00,1.00000E-05],[1.00000E-05,2.00000E-05],[2.00000E-05,3.00000E-05],[3.00000E-05,4.00000E-05],[4.00000E-05,5.00000E-05],[5.00000E-05,6.00000E-05],[6.00000E-05,7.00000E-05],[7.00000E-05,8.00000E-05],[8.00000E-05,9.00000E-05],[9.00000E-05,1.00000E-04],[1.00000E-04,1.10000E-04],[1.10000E-04,1.20000E-04],[1.20000E-04,1.30000E-04],[1.30000E-04,1.40000E-04],[1.40000E-04,1.50000E-04],[1.50000E-04,1.60000E-04],[1.60000E-04,1.70000E-04],[1.70000E-04,1.80000E-04],[1.80000E-04,1.90000E-04],[1.90000E-04,2.00000E-04],[2.00000E-04,2.10000E-04],[2.10000E-04,2.20000E-04],[2.20000E-04,2.30000E-04],[2.30000E-04,2.40000E-04],[2.40000E-04,2.50000E-04],[2.50000E-04,2.60000E-04],[2.60000E-04,2.70000E-04],[2.70000E-04,2.80000E-04],[2.80000E-04,2.90000E-04],[2.90000E-04,3.00000E-04],[3.00000E-04,3.10000E-04],[3.10000E-04,3.20000E-04],[3.20000E-04,3.30000E-04],[3.30000E-04,3.40000E-04],[3.40000E-04,3.50000E-04],[3.50000E-04,3.60000E-04],[3.60000E-04,3.70000E-04],[3.70000E-04,3.80000E-04],[3.80000E-04,3.90000E-04],[3.90000E-04,4.00000E-04],[4.00000E-04,4.10000E-04],[4.10000E-04,4.20000E-04],[4.20000E-04,4.30000E-04],[4.30000E-04,4.40000E-04],[4.40000E-04,4.50000E-04],[4.50000E-04,4.60000E-04],[4.60000E-04,4.70000E-04],[4.70000E-04,4.80000E-04],[4.80000E-04,4.90000E-04],[4.90000E-04,5.00000E-04],[5.00000E-04,5.10000E-04],[5.10000E-04,5.20000E-04],[5.20000E-04,5.30000E-04],[5.30000E-04,5.40000E-04],[5.40000E-04,5.50000E-04],[5.50000E-04,5.60000E-04],[5.60000E-04,5.70000E-04],[5.70000E-04,5.80000E-04],[5.80000E-04,5.90000E-04],[5.90000E-04,6.00000E-04],[6.00000E-04,6.10000E-04],[6.10000E-04,6.20000E-04],[6.20000E-04,6.30000E-04],[6.30000E-04,6.40000E-04],[6.40000E-04,6.50000E-04],[6.50000E-04,6.60000E-04],[6.60000E-04,6.70000E-04],[6.70000E-04,6.80000E-04],[6.80000E-04,6.90000E-04],[6.90000E-04,7.00000E-04]],
    "Res":[[[3.62088E+01,2.11895E-01]],[[1.91280E-02,1.93837E-04]],[[1.21597E-02,8.25261E-05]],[[9.96103E-03,4.98563E-05]],[[8.73449E-03,3.46813E-05]],[[7.88682E-03,2.76079E-05]],[[7.08303E-03,2.15395E-05]],[[6.51399E-03,1.94156E-05]],[[6.07363E-03,1.73919E-05]],[[5.65266E-03,1.55790E-05]],[[5.27035E-03,1.48913E-05]],[[4.85363E-03,1.33608E-05]],[[4.47211E-03,1.23064E-05]],[[4.11270E-03,1.14753E-05]],[[3.79717E-03,1.08040E-05]],[[3.47835E-03,9.58205E-06]],[[3.18854E-03,9.17555E-06]],[[2.91859E-03,8.07740E-06]],[[2.67831E-03,7.57642E-06]],[[2.44676E-03,7.03988E-06]],[[2.21502E-03,6.59913E-06]],[[2.01277E-03,5.70143E-06]],[[1.83710E-03,5.27981E-06]],[[1.67157E-03,5.00938E-06]],[[1.52249E-03,4.57636E-06]],[[1.38538E-03,4.00136E-06]],[[1.26320E-03,3.77493E-06]],[[1.15086E-03,3.39925E-06]],[[1.04683E-03,3.14565E-06]],[[9.57608E-04,2.90910E-06]],[[8.74679E-04,2.68500E-06]],[[7.98046E-04,2.48839E-06]],[[7.27351E-04,2.25873E-06]],[[6.63493E-04,2.05421E-06]],[[6.05846E-04,1.85384E-06]],[[5.50995E-04,1.75036E-06]],[[5.01909E-04,1.60958E-06]],[[4.57961E-04,1.45154E-06]],[[4.17246E-04,1.33901E-06]],[[3.78736E-04,1.21791E-06]],[[3.45403E-04,1.14675E-06]],[[3.14671E-04,1.02372E-06]],[[2.86872E-04,9.29422E-07]],[[2.60937E-04,8.68270E-07]],[[2.38003E-04,7.75220E-07]],[[2.16689E-04,7.50665E-07]],[[1.96794E-04,6.71723E-07]],[[1.79085E-04,6.07754E-07]],[[1.63066E-04,5.69105E-07]],[[1.48966E-04,5.15521E-07]],[[1.35349E-04,4.86668E-07]],[[1.23768E-04,4.22382E-07]],[[1.12604E-04,3.94333E-07]],[[1.02952E-04,3.57380E-07]],[[9.39161E-05,3.42495E-07]],[[8.55967E-05,3.08039E-07]],[[7.81809E-05,2.83752E-07]],[[7.16347E-05,2.62111E-07]],[[6.55865E-05,2.44386E-07]],[[6.01654E-05,2.29010E-07]],[[5.51907E-05,2.08591E-07]],[[5.04311E-05,1.93524E-07]],[[4.60047E-05,1.74949E-07]],[[4.18668E-05,1.62641E-07]],[[3.82120E-05,1.50869E-07]],[[3.48845E-05,1.37669E-07]],[[3.18023E-05,1.26165E-07]],[[2.89362E-05,1.18885E-07]],[[2.64353E-05,1.06636E-07]],[[2.40642E-05,9.62953E-08]]],
    "FoM":[[2.53969E+01],[1.60326E+04],[5.62275E+04],[1.26204E+05],[2.28695E+05],[3.25870E+05],[4.80790E+05],[5.44198E+05],[6.32363E+05],[7.33471E+05],[7.48481E+05],[8.56267E+05],[9.29945E+05],[9.83583E+05],[1.02448E+06],[1.19307E+06],[1.19272E+06],[1.40877E+06],[1.46941E+06],[1.55479E+06],[1.60182E+06],[1.95001E+06],[2.07542E+06],[2.09781E+06],[2.28941E+06],[2.72499E+06],[2.79167E+06],[3.13663E+06],[3.33167E+06],[3.56353E+06],[3.82092E+06],[4.05884E+06],[4.48977E+06],[4.95171E+06],[5.55172E+06],[5.66374E+06],[6.10112E+06],[6.84507E+06],[7.32882E+06],[8.04117E+06],[8.27180E+06],[9.45595E+06],[1.04586E+07],[1.09002E+07],[1.24722E+07],[1.21103E+07],[1.37354E+07],[1.52690E+07],[1.58559E+07],[1.76525E+07],[1.79969E+07],[2.18477E+07],[2.28054E+07],[2.53853E+07],[2.52139E+07],[2.84089E+07],[3.05798E+07],[3.28370E+07],[3.45836E+07],[3.61285E+07],[3.99469E+07],[4.24073E+07],[4.73359E+07],[4.98444E+07],[5.28699E+07],[5.79656E+07],[6.29206E+07],[6.44762E+07],[7.32125E+07],[8.17280E+07]],
    "SimTime":[3.17534E+01]
  }
}
