{
  "seed":-453281615,
  "pop":1000000,
  "Source_batches":3,
  "Time_increment":1.00000E-05,
  "Time_bins":70,
  "Total_CPU_Time":7.59170E+03,
  "Transport_time":5.19222E+02,
  "batchSize":1,
  "flux_time":{
    "TimeBounds":[[0.00000E+00,1.00000E-05],[1.00000E-05,2.00000E-05],[2.00000E-05,3.00000E-05],[3.00000E-05,4.00000E-05],[4.00000E-05,5.00000E-05],[5.00000E-05,6.00000E-05],[6.00000E-05,7.00000E-05],[7.00000E-05,8.00000E-05],[8.00000E-05,9.00000E-05],[9.00000E-05,1.00000E-04],[1.00000E-04,1.10000E-04],[1.10000E-04,1.20000E-04],[1.20000E-04,1.30000E-04],[1.30000E-04,1.40000E-04],[1.40000E-04,1.50000E-04],[1.50000E-04,1.60000E-04],[1.60000E-04,1.70000E-04],[1.70000E-04,1.80000E-04],[1.80000E-04,1.90000E-04],[1.90000E-04,2.00000E-04],[2.00000E-04,2.10000E-04],[2.10000E-04,2.20000E-04],[2.20000E-04,2.30000E-04],[2.30000E-04,2.40000E-04],[2.40000E-04,2.50000E-04],[2.50000E-04,2.60000E-04],[2.60000E-04,2.70000E-04],[2.70000E-04,2.80000E-04],[2.80000E-04,2.90000E-04],[2.90000E-04,3.00000E-04],[3.00000E-04,3.10000E-04],[3.10000E-04,3.20000E-04],[3.20000E-04,3.30000E-04],[3.30000E-04,3.40000E-04],[3.40000E-04,3.50000E-04],[3.50000E-04,3.60000E-04],[3.60000E-04,3.70000E-04],[3.70000E-04,3.80000E-04],[3.80000E-04,3.90000E-04],[3.90000E-04,4.00000E-04],[4.00000E-04,4.10000E-04],[4.10000E-04,4.20000E-04],[4.20000E-04,4.30000E-04],[4.30000E-04,4.40000E-04],[4.40000E-04,4.50000E-04],[4.50000E-04,4.60000E-04],[4.60000E-04,4.70000E-04],[4.70000E-04,4.80000E-04],[4.80000E-04,4.90000E-04],[4.90000E-04,5.00000E-04],[5.00000E-04,5.10000E-04],[5.10000E-04,5.20000E-04],[5.20000E-04,5.30000E-04],[5.30000E-04,5.40000E-04],[5.40000E-04,5.50000E-04],[5.50000E-04,5.60000E-04],[5.60000E-04,5.70000E-04],[5.70000E-04,5.80000E-04],[5.80000E-04,5.90000E-04],[5.90000E-04,6.00000E-04],[6.00000E-04,6.10000E-04],[6.10000E-04,6.20000E-04],[6.20000E-04,6.30000E-04],[6.30000E-04,6.40000E-04],[6.40000E-04,6.50000E-04],[6.50000E-04,6.60000E-04],[6.60000E-04,6.70000E-04],[6.70000E-04,6.80000E-04],[6.80000E-04,6.90000E-04],[6.90000E-04,7.00000E-04]],
    "Res":[[[3.61529E+07,3.24924E+04]],[[1.80333E+04,1.80889E+02]],[[1.20309E+04,8.38825E+01]],[[9.88044E+03,3.58416E+01]],[[8.66781E+03,3.91441E+01]],[[7.81436E+03,5.60303E+01]],[[7.16273E+03,5.97583E+01]],[[6.62839E+03,4.81403E+01]],[[6.14412E+03,3.47113E+01]],[[5.70166E+03,3.17966E+01]],[[5.28136E+03,3.38033E+01]],[[4.87430E+03,3.53093E+01]],[[4.49616E+03,3.42460E+01]],[[4.14115E+03,2.52138E+01]],[[3.80490E+03,2.33107E+01]],[[3.48549E+03,2.37117E+01]],[[3.19310E+03,2.20919E+01]],[[2.91729E+03,1.99676E+01]],[[2.66830E+03,1.94791E+01]],[[2.43702E+03,1.73824E+01]],[[2.22359E+03,1.60929E+01]],[[2.02500E+03,1.31972E+01]],[[1.84340E+03,1.15416E+01]],[[1.67633E+03,9.06813E+00]],[[1.52693E+03,7.69427E+00]],[[1.39060E+03,7.61297E+00]],[[1.26569E+03,6.82762E+00]],[[1.15201E+03,5.90032E+00]],[[1.04895E+03,5.67241E+00]],[[9.54896E+02,5.47284E+00]],[[8.69420E+02,4.83371E+00]],[[7.91631E+02,4.39388E+00]],[[7.20423E+02,4.15387E+00]],[[6.56053E+02,4.16543E+00]],[[5.97288E+02,4.38834E+00]],[[5.43766E+02,3.57615E+00]],[[4.95355E+02,3.04993E+00]],[[4.51152E+02,2.79698E+00]],[[4.10952E+02,2.71919E+00]],[[3.74338E+02,2.56440E+00]],[[3.41074E+02,2.47356E+00]],[[3.10908E+02,2.21929E+00]],[[2.83391E+02,2.21311E+00]],[[2.58121E+02,1.89242E+00]],[[2.35034E+02,1.39689E+00]],[[2.14285E+02,1.36641E+00]],[[1.95211E+02,1.15731E+00]],[[1.77951E+02,1.12655E+00]],[[1.62255E+02,1.01306E+00]],[[1.47867E+02,1.03444E+00]],[[1.34791E+02,9.89502E-01]],[[1.22971E+02,9.46283E-01]],[[1.12146E+02,8.64643E-01]],[[1.02292E+02,7.49946E-01]],[[9.32806E+01,6.51794E-01]],[[8.50672E+01,6.03775E-01]],[[7.76373E+01,5.94436E-01]],[[7.07876E+01,5.47880E-01]],[[6.45763E+01,4.97075E-01]],[[5.89306E+01,4.63149E-01]],[[5.37946E+01,4.13287E-01]],[[4.90790E+01,3.57984E-01]],[[4.47688E+01,3.54938E-01]],[[4.08573E+01,3.35500E-01]],[[3.72845E+01,3.14886E-01]],[[3.40385E+01,3.03900E-01]],[[3.10869E+01,2.83869E-01]],[[2.83948E+01,2.65009E-01]],[[2.59278E+01,2.49963E-01]],[[2.35822E+01,2.41404E-01]]]
  }
}
