{
  "seed":662277349,
  "pop":1000000,
  "Source_batches":3,
  "Time_increment":1.00000E-05,
  "Time_bins":70,
  "Total_CPU_Time":1.31155E+04,
  "Transport_time":8.86987E+02,
  "batchSize":1,
  "flux_time":{
    "multiMapOrder":["Cell","Time"],
    "CellBins":[["8"]],
    "TimeBounds":[[0.00000E+00,1.00000E-05],[1.00000E-05,2.00000E-05],[2.00000E-05,3.00000E-05],[3.00000E-05,4.00000E-05],[4.00000E-05,5.00000E-05],[5.00000E-05,6.00000E-05],[6.00000E-05,7.00000E-05],[7.00000E-05,8.00000E-05],[8.00000E-05,9.00000E-05],[9.00000E-05,1.00000E-04],[1.00000E-04,1.10000E-04],[1.10000E-04,1.20000E-04],[1.20000E-04,1.30000E-04],[1.30000E-04,1.40000E-04],[1.40000E-04,1.50000E-04],[1.50000E-04,1.60000E-04],[1.60000E-04,1.70000E-04],[1.70000E-04,1.80000E-04],[1.80000E-04,1.90000E-04],[1.90000E-04,2.00000E-04],[2.00000E-04,2.10000E-04],[2.10000E-04,2.20000E-04],[2.20000E-04,2.30000E-04],[2.30000E-04,2.40000E-04],[2.40000E-04,2.50000E-04],[2.50000E-04,2.60000E-04],[2.60000E-04,2.70000E-04],[2.70000E-04,2.80000E-04],[2.80000E-04,2.90000E-04],[2.90000E-04,3.00000E-04],[3.00000E-04,3.10000E-04],[3.10000E-04,3.20000E-04],[3.20000E-04,3.30000E-04],[3.30000E-04,3.40000E-04],[3.40000E-04,3.50000E-04],[3.50000E-04,3.60000E-04],[3.60000E-04,3.70000E-04],[3.70000E-04,3.80000E-04],[3.80000E-04,3.90000E-04],[3.90000E-04,4.00000E-04],[4.00000E-04,4.10000E-04],[4.10000E-04,4.20000E-04],[4.20000E-04,4.30000E-04],[4.30000E-04,4.40000E-04],[4.40000E-04,4.50000E-04],[4.50000E-04,4.60000E-04],[4.60000E-04,4.70000E-04],[4.70000E-04,4.80000E-04],[4.80000E-04,4.90000E-04],[4.90000E-04,5.00000E-04],[5.00000E-04,5.10000E-04],[5.10000E-04,5.20000E-04],[5.20000E-04,5.30000E-04],[5.30000E-04,5.40000E-04],[5.40000E-04,5.50000E-04],[5.50000E-04,5.60000E-04],[5.60000E-04,5.70000E-04],[5.70000E-04,5.80000E-04],[5.80000E-04,5.90000E-04],[5.90000E-04,6.00000E-04],[6.00000E-04,6.10000E-04],[6.10000E-04,6.20000E-04],[6.20000E-04,6.30000E-04],[6.30000E-04,6.40000E-04],[6.40000E-04,6.50000E-04],[6.50000E-04,6.60000E-04],[6.60000E-04,6.70000E-04],[6.70000E-04,6.80000E-04],[6.80000E-04,6.90000E-04],[6.90000E-04,7.00000E-04]],
    "Res":[[[[2.18588E+02,2.30397E+01]]],[[[3.50732E-01,9.06369E-02]]],[[[4.80773E-01,8.02287E-02]]],[[[3.36875E-01,8.25052E-02]]],[[[4.63028E-01,6.31493E-02]]],[[[4.31538E-01,3.35571E-02]]],[[[3.83102E-01,8.29102E-03]]],[[[3.52371E-01,1.61271E-02]]],[[[3.21302E-01,7.37208E-03]]],[[[2.91204E-01,7.93870E-03]]],[[[2.70050E-01,5.20818E-03]]],[[[2.33705E-01,2.66869E-03]]],[[[2.13324E-01,3.78768E-03]]],[[[1.90331E-01,2.97557E-03]]],[[[1.75805E-01,8.84229E-03]]],[[[1.59907E-01,4.11589E-03]]],[[[1.43749E-01,4.01278E-03]]],[[[1.31795E-01,3.98214E-03]]],[[[1.18531E-01,1.52576E-03]]],[[[1.06925E-01,3.62866E-03]]],[[[9.43837E-02,1.99603E-03]]],[[[8.52595E-02,1.60850E-03]]],[[[8.04172E-02,1.79524E-03]]],[[[7.04277E-02,1.81166E-03]]],[[[6.53563E-02,1.14138E-03]]],[[[5.82213E-02,5.22761E-04]]],[[[5.27945E-02,1.62686E-03]]],[[[4.91628E-02,1.75081E-03]]],[[[4.36076E-02,1.02686E-03]]],[[[3.99536E-02,6.49758E-04]]],[[[3.58307E-02,6.07621E-04]]],[[[3.22586E-02,7.57020E-04]]],[[[3.01650E-02,1.22224E-03]]],[[[2.70648E-02,3.62557E-04]]],[[[2.54648E-02,6.55084E-04]]],[[[2.22557E-02,1.71795E-04]]],[[[2.07719E-02,1.54063E-04]]],[[[1.83456E-02,5.07934E-04]]],[[[1.68450E-02,7.46542E-05]]],[[[1.55729E-02,6.16742E-04]]],[[[1.40449E-02,4.76601E-04]]],[[[1.26439E-02,1.72035E-04]]],[[[1.12860E-02,3.33686E-04]]],[[[1.07748E-02,1.84841E-04]]],[[[9.34441E-03,7.78123E-05]]],[[[8.66760E-03,3.59565E-04]]],[[[7.87904E-03,1.77154E-04]]],[[[7.47934E-03,1.81041E-04]]],[[[6.72512E-03,2.77613E-04]]],[[[6.21353E-03,5.99773E-05]]],[[[5.39608E-03,1.19959E-04]]],[[[5.06194E-03,1.81063E-04]]],[[[4.57270E-03,3.67650E-05]]],[[[4.17715E-03,9.46264E-05]]],[[[3.85500E-03,1.43435E-04]]],[[[3.41908E-03,5.06267E-05]]],[[[3.21841E-03,3.05876E-05]]],[[[2.87503E-03,5.53191E-05]]],[[[2.66708E-03,6.69308E-05]]],[[[2.39793E-03,7.41705E-05]]],[[[2.21444E-03,9.94092E-05]]],[[[1.98233E-03,5.30408E-05]]],[[[1.87675E-03,1.81787E-05]]],[[[1.70320E-03,1.44870E-05]]],[[[1.49436E-03,3.18973E-05]]],[[[1.40058E-03,1.17143E-05]]],[[[1.29050E-03,4.67844E-06]]],[[[1.10880E-03,1.92713E-05]]],[[[1.06993E-03,1.67637E-05]]],[[[9.73192E-04,1.76029E-05]]]]
  }
}
