{
  "seed":-571460964,
  "pop":1000000,
  "Source_batches":3,
  "Time_increment":1.00000E-05,
  "Time_bins":70,
  "Total_CPU_Time":7.22623E+03,
  "Transport_time":4.99401E+02,
  "batchSize":1,
  "flux_time":{
    "TimeBounds":[[0.00000E+00,1.00000E-05],[1.00000E-05,2.00000E-05],[2.00000E-05,3.00000E-05],[3.00000E-05,4.00000E-05],[4.00000E-05,5.00000E-05],[5.00000E-05,6.00000E-05],[6.00000E-05,7.00000E-05],[7.00000E-05,8.00000E-05],[8.00000E-05,9.00000E-05],[9.00000E-05,1.00000E-04],[1.00000E-04,1.10000E-04],[1.10000E-04,1.20000E-04],[1.20000E-04,1.30000E-04],[1.30000E-04,1.40000E-04],[1.40000E-04,1.50000E-04],[1.50000E-04,1.60000E-04],[1.60000E-04,1.70000E-04],[1.70000E-04,1.80000E-04],[1.80000E-04,1.90000E-04],[1.90000E-04,2.00000E-04],[2.00000E-04,2.10000E-04],[2.10000E-04,2.20000E-04],[2.20000E-04,2.30000E-04],[2.30000E-04,2.40000E-04],[2.40000E-04,2.50000E-04],[2.50000E-04,2.60000E-04],[2.60000E-04,2.70000E-04],[2.70000E-04,2.80000E-04],[2.80000E-04,2.90000E-04],[2.90000E-04,3.00000E-04],[3.00000E-04,3.10000E-04],[3.10000E-04,3.20000E-04],[3.20000E-04,3.30000E-04],[3.30000E-04,3.40000E-04],[3.40000E-04,3.50000E-04],[3.50000E-04,3.60000E-04],[3.60000E-04,3.70000E-04],[3.70000E-04,3.80000E-04],[3.80000E-04,3.90000E-04],[3.90000E-04,4.00000E-04],[4.00000E-04,4.10000E-04],[4.10000E-04,4.20000E-04],[4.20000E-04,4.30000E-04],[4.30000E-04,4.40000E-04],[4.40000E-04,4.50000E-04],[4.50000E-04,4.60000E-04],[4.60000E-04,4.70000E-04],[4.70000E-04,4.80000E-04],[4.80000E-04,4.90000E-04],[4.90000E-04,5.00000E-04],[5.00000E-04,5.10000E-04],[5.10000E-04,5.20000E-04],[5.20000E-04,5.30000E-04],[5.30000E-04,5.40000E-04],[5.40000E-04,5.50000E-04],[5.50000E-04,5.60000E-04],[5.60000E-04,5.70000E-04],[5.70000E-04,5.80000E-04],[5.80000E-04,5.90000E-04],[5.90000E-04,6.00000E-04],[6.00000E-04,6.10000E-04],[6.10000E-04,6.20000E-04],[6.20000E-04,6.30000E-04],[6.30000E-04,6.40000E-04],[6.40000E-04,6.50000E-04],[6.50000E-04,6.60000E-04],[6.60000E-04,6.70000E-04],[6.70000E-04,6.80000E-04],[6.80000E-04,6.90000E-04],[6.90000E-04,7.00000E-04]],
    "Res":[[[3.62209E+01,2.25166E-02]],[[1.78795E-02,1.60248E-05]],[[1.18265E-02,8.74714E-06]],[[9.74224E-03,6.42122E-06]],[[8.58851E-03,5.36085E-06]],[[7.86133E-03,4.74773E-06]],[[7.20351E-03,4.29210E-06]],[[6.62761E-03,3.92131E-06]],[[6.09593E-03,3.58578E-06]],[[5.62578E-03,3.30741E-06]],[[5.18389E-03,3.04595E-06]],[[4.77618E-03,2.80383E-06]],[[4.40450E-03,2.58939E-06]],[[4.04412E-03,2.38043E-06]],[[3.72422E-03,2.18808E-06]],[[3.41665E-03,2.01051E-06]],[[3.13091E-03,1.84349E-06]],[[2.85718E-03,1.68752E-06]],[[2.61863E-03,1.54547E-06]],[[2.38129E-03,1.40760E-06]],[[2.17214E-03,1.28256E-06]],[[1.98418E-03,1.16905E-06]],[[1.79796E-03,1.06264E-06]],[[1.64219E-03,9.70768E-07]],[[1.49742E-03,8.85614E-07]],[[1.35980E-03,8.06675E-07]],[[1.23907E-03,7.33213E-07]],[[1.12738E-03,6.67943E-07]],[[1.02517E-03,6.09677E-07]],[[9.36113E-04,5.55457E-07]],[[8.51508E-04,5.04975E-07]],[[7.75845E-04,4.60789E-07]],[[7.05071E-04,4.18952E-07]],[[6.41630E-04,3.81135E-07]],[[5.84351E-04,3.47538E-07]],[[5.32321E-04,3.15845E-07]],[[4.84132E-04,2.88398E-07]],[[4.40763E-04,2.62873E-07]],[[4.02310E-04,2.39243E-07]],[[3.66526E-04,2.17899E-07]],[[3.33736E-04,1.98969E-07]],[[3.04145E-04,1.81039E-07]],[[2.77261E-04,1.65140E-07]],[[2.52458E-04,1.50653E-07]],[[2.29864E-04,1.37133E-07]],[[2.09744E-04,1.25352E-07]],[[1.90837E-04,1.14122E-07]],[[1.74334E-04,1.04143E-07]],[[1.58679E-04,9.50954E-08]],[[1.44415E-04,8.65473E-08]],[[1.31815E-04,7.88027E-08]],[[1.20037E-04,7.20826E-08]],[[1.09547E-04,6.57307E-08]],[[9.98891E-05,5.99578E-08]],[[9.10074E-05,5.48712E-08]],[[8.30993E-05,5.00986E-08]],[[7.58174E-05,4.55404E-08]],[[6.91962E-05,4.16563E-08]],[[6.29897E-05,3.80316E-08]],[[5.74180E-05,3.46804E-08]],[[5.24306E-05,3.17329E-08]],[[4.78270E-05,2.90164E-08]],[[4.36154E-05,2.64367E-08]],[[3.97476E-05,2.41552E-08]],[[3.62975E-05,2.20811E-08]],[[3.31112E-05,2.01498E-08]],[[3.03108E-05,1.84706E-08]],[[2.76441E-05,1.69121E-08]],[[2.52146E-05,1.53791E-08]],[[2.30187E-05,1.41003E-08]]]
  }
}
