{
  "seed":156847171,
  "pop":1000000,
  "Source_batches":5,
  "Time_increment":1.00000E-05,
  "Time_bins":5,
  "Total_CPU_Time":4.34440E+02,
  "Transport_time":3.11465E+01,
  "batchSize":26,
  "flux_time":{
    "multiMapOrder":["Time","X","Y","Z"],
    "TimeBounds":[[0.00000E+00,1.00000E-05],[1.00000E-05,2.00000E-05],[2.00000E-05,3.00000E-05],[3.00000E-05,4.00000E-05],[4.00000E-05,5.00000E-05]],
    "XBounds":[[-2.50000E+01,-8.33333E+00],[-8.33333E+00,8.33333E+00],[8.33333E+00,2.50000E+01]],
    "YBounds":[[-2.50000E+01,-8.33333E+00],[-8.33333E+00,8.33333E+00],[8.33333E+00,2.50000E+01]],
    "ZBounds":[[-2.50000E+01,-8.33333E+00],[-8.33333E+00,8.33333E+00],[8.33333E+00,2.50000E+01]],
    "Res":[[[[[[3.46468E+05,1.03552E+03]],[[1.97768E+04,5.51463E+01]],[[1.85715E+04,8.67498E+01]],[[1.77443E+04,7.62343E+01]],[[1.70286E+04,9.32481E+01]]],[[[6.69280E+05,5.62827E+02]],[[3.67112E+04,4.28953E+01]],[[3.41545E+04,6.61025E+01]],[[3.26563E+04,9.64194E+01]],[[3.11508E+04,7.69611E+01]]],[[[3.45412E+05,1.92728E+03]],[[1.97968E+04,1.40931E+02]],[[1.85647E+04,1.22087E+02]],[[1.76776E+04,1.35865E+02]],[[1.68949E+04,7.20169E+01]]]],[[[[6.68363E+05,3.04672E+03]],[[3.64696E+04,2.70597E+02]],[[3.41552E+04,1.95807E+02]],[[3.26665E+04,2.41227E+02]],[[3.11453E+04,2.36640E+02]]],[[[1.68018E+06,3.87563E+03]],[[8.21494E+04,1.09410E+02]],[[7.65031E+04,1.07085E+02]],[[7.28545E+04,7.33384E+01]],[[6.94059E+04,1.63287E+02]]],[[[6.68919E+05,1.67400E+03]],[[3.65338E+04,1.13502E+02]],[[3.42060E+04,5.91049E+01]],[[3.25578E+04,7.60143E+01]],[[3.12092E+04,8.75138E+01]]]],[[[[3.47525E+05,5.44850E+02]],[[1.99537E+04,1.11460E+02]],[[1.86044E+04,1.27447E+02]],[[1.78287E+04,6.75455E+01]],[[1.69476E+04,8.51566E+01]]],[[[6.72493E+05,1.50696E+03]],[[3.68460E+04,3.22935E+01]],[[3.45856E+04,1.13261E+02]],[[3.28213E+04,1.09986E+02]],[[3.14123E+04,1.27739E+02]]],[[[3.46521E+05,1.40842E+03]],[[1.98952E+04,1.75807E+02]],[[1.85972E+04,1.23050E+02]],[[1.76401E+04,1.51922E+02]],[[1.69128E+04,1.00752E+02]]]]],[[[[[6.70521E+05,1.55784E+03]],[[3.68443E+04,1.02882E+02]],[[3.43772E+04,1.28421E+02]],[[3.28640E+04,1.05416E+02]],[[3.12780E+04,1.09124E+02]]],[[[1.67963E+06,1.89001E+03]],[[8.21682E+04,2.11479E+02]],[[7.66653E+04,1.16368E+02]],[[7.28971E+04,2.15514E+02]],[[6.96094E+04,8.27510E+01]]],[[[6.66727E+05,6.38812E+02]],[[3.65156E+04,1.22767E+02]],[[3.40153E+04,1.06190E+02]],[[3.26454E+04,1.27840E+02]],[[3.12881E+04,9.21764E+01]]]],[[[[1.67801E+06,2.02229E+03]],[[8.21611E+04,3.34103E+02]],[[7.66325E+04,3.29519E+02]],[[7.27704E+04,2.37136E+02]],[[6.93631E+04,1.89135E+02]]],[[[1.25245E+07,8.36685E+03]],[[2.77622E+05,4.06013E+02]],[[2.53707E+05,4.81018E+02]],[[2.36848E+05,4.92552E+02]],[[2.21322E+05,3.38791E+02]]],[[[1.67950E+06,1.53939E+03]],[[8.25861E+04,2.31166E+02]],[[7.70082E+04,2.65979E+02]],[[7.31158E+04,2.48994E+02]],[[6.96748E+04,2.94794E+02]]]],[[[[6.72994E+05,1.41113E+03]],[[3.69071E+04,1.02386E+02]],[[3.43363E+04,8.42605E+01]],[[3.27209E+04,6.92769E+01]],[[3.13416E+04,1.27007E+02]]],[[[1.68364E+06,2.06995E+03]],[[8.21405E+04,1.14062E+02]],[[7.65287E+04,1.79079E+02]],[[7.28911E+04,6.48169E+01]],[[6.93150E+04,1.15133E+02]]],[[[6.70690E+05,2.06753E+03]],[[3.66842E+04,1.82007E+02]],[[3.42906E+04,1.81232E+02]],[[3.27946E+04,1.84356E+02]],[[3.14480E+04,1.37915E+02]]]]],[[[[[3.46007E+05,9.84754E+02]],[[1.97364E+04,1.18844E+02]],[[1.84887E+04,7.62462E+01]],[[1.77146E+04,8.35525E+01]],[[1.69218E+04,7.69696E+01]]],[[[6.71018E+05,2.04121E+03]],[[3.66720E+04,1.81723E+02]],[[3.43634E+04,1.48505E+02]],[[3.28048E+04,1.93144E+02]],[[3.12685E+04,1.17169E+02]]],[[[3.44707E+05,1.28521E+03]],[[1.99488E+04,1.56249E+02]],[[1.85487E+04,1.20111E+02]],[[1.78067E+04,1.43696E+02]],[[1.69904E+04,1.56957E+02]]]],[[[[6.69337E+05,2.60123E+03]],[[3.64400E+04,2.32690E+02]],[[3.42504E+04,1.14452E+02]],[[3.26003E+04,1.33307E+02]],[[3.11573E+04,8.72710E+01]]],[[[1.68328E+06,2.66039E+03]],[[8.22159E+04,3.46810E+02]],[[7.65777E+04,3.38278E+02]],[[7.25717E+04,3.04950E+02]],[[6.93557E+04,3.50220E+02]]],[[[6.71872E+05,1.66843E+03]],[[3.67167E+04,2.93002E+02]],[[3.43948E+04,2.57482E+02]],[[3.28252E+04,1.60059E+02]],[[3.13564E+04,1.47706E+02]]]],[[[[3.47151E+05,2.23948E+03]],[[1.99405E+04,1.46211E+02]],[[1.87298E+04,1.05594E+02]],[[1.78900E+04,1.07180E+02]],[[1.71186E+04,1.14564E+02]]],[[[6.71664E+05,1.81602E+03]],[[3.68270E+04,1.33099E+02]],[[3.42523E+04,5.32717E+01]],[[3.26304E+04,7.11237E+01]],[[3.12504E+04,1.37678E+02]]],[[[3.45882E+05,4.55060E+02]],[[1.98774E+04,1.64359E+02]],[[1.86390E+04,8.63363E+01]],[[1.77875E+04,6.24262E+01]],[[1.70364E+04,7.47994E+01]]]]]],
    "FoM":[[[[[2.77990E-06],[4.87012E-05],[5.18581E-05],[5.42766E-05],[5.65545E-05]],[[1.43914E-06],[2.62368E-05],[2.82004E-05],[2.94935E-05],[3.09193E-05]],[[2.78809E-06],[4.86414E-05],[5.18717E-05],[5.44702E-05],[5.70056E-05]]],[[[1.44097E-06],[2.64035E-05],[2.81957E-05],[2.94775E-05],[3.09168E-05]],[[5.73251E-07],[1.17247E-05],[1.25901E-05],[1.32207E-05],[1.38772E-05]],[[1.43987E-06],[2.63630E-05],[2.81581E-05],[2.95832E-05],[3.08611E-05]]],[[[2.77153E-06],[4.82636E-05],[5.17601E-05],[5.40206E-05],[5.68261E-05]],[[1.43223E-06],[2.61408E-05],[2.78479E-05],[2.93448E-05],[3.06603E-05]],[[2.77937E-06],[4.83943E-05],[5.17809E-05],[5.45821E-05],[5.69403E-05]]]],[[[[1.43644E-06],[2.61411E-05],[2.80163E-05],[2.93069E-05],[3.07926E-05]],[[5.73450E-07],[1.17218E-05],[1.25634E-05],[1.32124E-05],[1.38370E-05]],[[1.44465E-06],[2.63760E-05],[2.83150E-05],[2.95023E-05],[3.07832E-05]]],[[[5.74004E-07],[1.17222E-05],[1.25678E-05],[1.32353E-05],[1.38857E-05]],[[7.69043E-08],[3.46939E-06],[3.79640E-06],[4.06661E-06],[4.35193E-06]],[[5.73494E-07],[1.16624E-05],[1.25069E-05],[1.31727E-05],[1.38228E-05]]],[[[1.43117E-06],[2.60967E-05],[2.80508E-05],[2.94358E-05],[3.07294E-05]],[[5.72083E-07],[1.17260E-05],[1.25857E-05],[1.32140E-05],[1.38956E-05]],[[1.43605E-06],[2.62530E-05],[2.80851E-05],[2.93657E-05],[3.06251E-05]]]],[[[[2.78362E-06],[4.87938E-05],[5.20916E-05],[5.43667E-05],[5.69140E-05]],[[1.43535E-06],[2.62618E-05],[2.80269E-05],[2.93561E-05],[3.08016E-05]],[[2.79403E-06],[4.82684E-05],[5.19168E-05],[5.40738E-05],[5.66661E-05]]],[[[1.43891E-06],[2.64268E-05],[2.81204E-05],[2.95430E-05],[3.09125E-05]],[[5.72202E-07],[1.17143E-05],[1.25767E-05],[1.32711E-05],[1.38859E-05]],[[1.43355E-06],[2.62246E-05],[2.79961E-05],[2.93395E-05],[3.07141E-05]]],[[[2.77398E-06],[4.82903E-05],[5.14172E-05],[5.38298E-05],[5.62530E-05]],[[1.43398E-06],[2.61527E-05],[2.81201E-05],[2.95175E-05],[3.08187E-05]],[[2.78471E-06],[4.84400E-05],[5.16705E-05],[5.41466E-05],[5.65315E-05]]]]],
    "SimTime":[3.11465E+01]
  }
}
