{
  "seed":-1411005121,
  "pop":1000000,
  "Source_batches":5,
  "Time_increment":1.00000E-05,
  "Time_bins":70,
  "Total_CPU_Time":3.30202E+03,
  "Transport_time":2.26680E+02,
  "batchSize":1,
  "flux_time":{
    "TimeBounds":[[0.00000E+00,1.00000E-05],[1.00000E-05,2.00000E-05],[2.00000E-05,3.00000E-05],[3.00000E-05,4.00000E-05],[4.00000E-05,5.00000E-05],[5.00000E-05,6.00000E-05],[6.00000E-05,7.00000E-05],[7.00000E-05,8.00000E-05],[8.00000E-05,9.00000E-05],[9.00000E-05,1.00000E-04],[1.00000E-04,1.10000E-04],[1.10000E-04,1.20000E-04],[1.20000E-04,1.30000E-04],[1.30000E-04,1.40000E-04],[1.40000E-04,1.50000E-04],[1.50000E-04,1.60000E-04],[1.60000E-04,1.70000E-04],[1.70000E-04,1.80000E-04],[1.80000E-04,1.90000E-04],[1.90000E-04,2.00000E-04],[2.00000E-04,2.10000E-04],[2.10000E-04,2.20000E-04],[2.20000E-04,2.30000E-04],[2.30000E-04,2.40000E-04],[2.40000E-04,2.50000E-04],[2.50000E-04,2.60000E-04],[2.60000E-04,2.70000E-04],[2.70000E-04,2.80000E-04],[2.80000E-04,2.90000E-04],[2.90000E-04,3.00000E-04],[3.00000E-04,3.10000E-04],[3.10000E-04,3.20000E-04],[3.20000E-04,3.30000E-04],[3.30000E-04,3.40000E-04],[3.40000E-04,3.50000E-04],[3.50000E-04,3.60000E-04],[3.60000E-04,3.70000E-04],[3.70000E-04,3.80000E-04],[3.80000E-04,3.90000E-04],[3.90000E-04,4.00000E-04],[4.00000E-04,4.10000E-04],[4.10000E-04,4.20000E-04],[4.20000E-04,4.30000E-04],[4.30000E-04,4.40000E-04],[4.40000E-04,4.50000E-04],[4.50000E-04,4.60000E-04],[4.60000E-04,4.70000E-04],[4.70000E-04,4.80000E-04],[4.80000E-04,4.90000E-04],[4.90000E-04,5.00000E-04],[5.00000E-04,5.10000E-04],[5.10000E-04,5.20000E-04],[5.20000E-04,5.30000E-04],[5.30000E-04,5.40000E-04],[5.40000E-04,5.50000E-04],[5.50000E-04,5.60000E-04],[5.60000E-04,5.70000E-04],[5.70000E-04,5.80000E-04],[5.80000E-04,5.90000E-04],[5.90000E-04,6.00000E-04],[6.00000E-04,6.10000E-04],[6.10000E-04,6.20000E-04],[6.20000E-04,6.30000E-04],[6.30000E-04,6.40000E-04],[6.40000E-04,6.50000E-04],[6.50000E-04,6.60000E-04],[6.60000E-04,6.70000E-04],[6.70000E-04,6.80000E-04],[6.80000E-04,6.90000E-04],[6.90000E-04,7.00000E-04]],
    "Res":[[[3.61503E+07,9.87330E+03]],[[1.82120E+04,2.38739E+02]],[[1.20218E+04,7.71250E+01]],[[9.89229E+03,7.61583E+01]],[[8.73959E+03,6.39909E+01]],[[7.88845E+03,4.89597E+01]],[[7.24397E+03,5.02860E+01]],[[6.68617E+03,4.91436E+01]],[[6.18268E+03,5.10206E+01]],[[5.72306E+03,5.41901E+01]],[[5.30404E+03,5.17419E+01]],[[4.90356E+03,4.78637E+01]],[[4.52134E+03,4.44269E+01]],[[4.16244E+03,4.31210E+01]],[[3.82872E+03,4.13005E+01]],[[3.50663E+03,3.92745E+01]],[[3.20765E+03,3.60808E+01]],[[2.93353E+03,3.41488E+01]],[[2.68166E+03,3.16867E+01]],[[2.44644E+03,2.93102E+01]],[[2.23157E+03,2.67327E+01]],[[2.03388E+03,2.37323E+01]],[[1.85264E+03,2.11755E+01]],[[1.68842E+03,2.03083E+01]],[[1.53903E+03,1.94071E+01]],[[1.40185E+03,1.83961E+01]],[[1.27609E+03,1.62859E+01]],[[1.16064E+03,1.43116E+01]],[[1.05675E+03,1.27099E+01]],[[9.62197E+02,1.12195E+01]],[[8.76068E+02,1.05076E+01]],[[7.97351E+02,1.01491E+01]],[[7.26084E+02,9.16884E+00]],[[6.61457E+02,8.28062E+00]],[[6.02263E+02,7.64113E+00]],[[5.48116E+02,6.73687E+00]],[[4.98807E+02,6.30284E+00]],[[4.54168E+02,5.72116E+00]],[[4.13066E+02,5.20953E+00]],[[3.75973E+02,4.83873E+00]],[[3.41977E+02,4.26640E+00]],[[3.11786E+02,4.06551E+00]],[[2.84242E+02,3.77599E+00]],[[2.58733E+02,3.25436E+00]],[[2.35537E+02,2.76583E+00]],[[2.14882E+02,2.60219E+00]],[[1.95981E+02,2.41244E+00]],[[1.78515E+02,2.26896E+00]],[[1.62865E+02,2.06090E+00]],[[1.48294E+02,1.82367E+00]],[[1.35195E+02,1.70646E+00]],[[1.23295E+02,1.53249E+00]],[[1.12458E+02,1.40874E+00]],[[1.02543E+02,1.25699E+00]],[[9.37037E+01,1.13348E+00]],[[8.55976E+01,1.09408E+00]],[[7.81035E+01,9.63147E-01]],[[7.12423E+01,8.85468E-01]],[[6.48955E+01,8.17016E-01]],[[5.91729E+01,7.27833E-01]],[[5.39754E+01,6.49604E-01]],[[4.93302E+01,6.13969E-01]],[[4.50470E+01,5.81711E-01]],[[4.11701E+01,5.47975E-01]],[[3.76000E+01,4.98835E-01]],[[3.43015E+01,4.57563E-01]],[[3.13203E+01,4.23619E-01]],[[2.85507E+01,4.11943E-01]],[[2.60522E+01,3.83229E-01]],[[2.37793E+01,3.64704E-01]]]
  }
}
