{
  "seed":400679254,
  "pop":8000,
  "Source_batches":10,
  "Time_increment":1.00000E-01,
  "Time_bins":100,
  "Total_CPU_Time":4.46891E+02,
  "Transport_time":2.80006E+01,
  "batchSize":1,
  "flux_time":{
    "TimeBounds":[[0.00000E+00,1.00000E-01],[1.00000E-01,2.00000E-01],[2.00000E-01,3.00000E-01],[3.00000E-01,4.00000E-01],[4.00000E-01,5.00000E-01],[5.00000E-01,6.00000E-01],[6.00000E-01,7.00000E-01],[7.00000E-01,8.00000E-01],[8.00000E-01,9.00000E-01],[9.00000E-01,1.00000E+00],[1.00000E+00,1.10000E+00],[1.10000E+00,1.20000E+00],[1.20000E+00,1.30000E+00],[1.30000E+00,1.40000E+00],[1.40000E+00,1.50000E+00],[1.50000E+00,1.60000E+00],[1.60000E+00,1.70000E+00],[1.70000E+00,1.80000E+00],[1.80000E+00,1.90000E+00],[1.90000E+00,2.00000E+00],[2.00000E+00,2.10000E+00],[2.10000E+00,2.20000E+00],[2.20000E+00,2.30000E+00],[2.30000E+00,2.40000E+00],[2.40000E+00,2.50000E+00],[2.50000E+00,2.60000E+00],[2.60000E+00,2.70000E+00],[2.70000E+00,2.80000E+00],[2.80000E+00,2.90000E+00],[2.90000E+00,3.00000E+00],[3.00000E+00,3.10000E+00],[3.10000E+00,3.20000E+00],[3.20000E+00,3.30000E+00],[3.30000E+00,3.40000E+00],[3.40000E+00,3.50000E+00],[3.50000E+00,3.60000E+00],[3.60000E+00,3.70000E+00],[3.70000E+00,3.80000E+00],[3.80000E+00,3.90000E+00],[3.90000E+00,4.00000E+00],[4.00000E+00,4.10000E+00],[4.10000E+00,4.20000E+00],[4.20000E+00,4.30000E+00],[4.30000E+00,4.40000E+00],[4.40000E+00,4.50000E+00],[4.50000E+00,4.60000E+00],[4.60000E+00,4.70000E+00],[4.70000E+00,4.80000E+00],[4.80000E+00,4.90000E+00],[4.90000E+00,5.00000E+00],[5.00000E+00,5.10000E+00],[5.10000E+00,5.20000E+00],[5.20000E+00,5.30000E+00],[5.30000E+00,5.40000E+00],[5.40000E+00,5.50000E+00],[5.50000E+00,5.60000E+00],[5.60000E+00,5.70000E+00],[5.70000E+00,5.80000E+00],[5.80000E+00,5.90000E+00],[5.90000E+00,6.00000E+00],[6.00000E+00,6.10000E+00],[6.10000E+00,6.20000E+00],[6.20000E+00,6.30000E+00],[6.30000E+00,6.40000E+00],[6.40000E+00,6.50000E+00],[6.50000E+00,6.60000E+00],[6.60000E+00,6.70000E+00],[6.70000E+00,6.80000E+00],[6.80000E+00,6.90000E+00],[6.90000E+00,7.00000E+00],[7.00000E+00,7.10000E+00],[7.10000E+00,7.20000E+00],[7.20000E+00,7.30000E+00],[7.30000E+00,7.40000E+00],[7.40000E+00,7.50000E+00],[7.50000E+00,7.60000E+00],[7.60000E+00,7.70000E+00],[7.70000E+00,7.80000E+00],[7.80000E+00,7.90000E+00],[7.90000E+00,8.00000E+00],[8.00000E+00,8.10000E+00],[8.10000E+00,8.20000E+00],[8.20000E+00,8.30000E+00],[8.30000E+00,8.40000E+00],[8.40000E+00,8.50000E+00],[8.50000E+00,8.60000E+00],[8.60000E+00,8.70000E+00],[8.70000E+00,8.80000E+00],[8.80000E+00,8.90000E+00],[8.90000E+00,9.00000E+00],[9.00000E+00,9.10000E+00],[9.10000E+00,9.20000E+00],[9.20000E+00,9.30000E+00],[9.30000E+00,9.40000E+00],[9.40000E+00,9.50000E+00],[9.50000E+00,9.60000E+00],[9.60000E+00,9.70000E+00],[9.70000E+00,9.80000E+00],[9.80000E+00,9.90000E+00],[9.90000E+00,1.00000E+01]],
    "Res":[[[3.63272E+08,1.48538E+06]],[[3.69690E+08,2.34128E+06]],[[3.69294E+08,2.08354E+06]],[[3.69180E+08,2.22553E+06]],[[3.71053E+08,2.43732E+06]],[[3.72258E+08,2.78528E+06]],[[3.71514E+08,2.90833E+06]],[[3.69705E+08,2.96288E+06]],[[3.70565E+08,2.88545E+06]],[[3.68372E+08,2.84779E+06]],[[3.70593E+08,2.33715E+06]],[[3.68155E+08,3.37030E+06]],[[3.72311E+08,4.37696E+06]],[[3.71386E+08,3.48615E+06]],[[3.69224E+08,2.91559E+06]],[[3.70620E+08,2.78237E+06]],[[3.71993E+08,3.57494E+06]],[[3.69540E+08,3.59587E+06]],[[3.70388E+08,3.61494E+06]],[[3.72239E+08,3.55724E+06]],[[3.69622E+08,2.82064E+06]],[[3.71728E+08,3.76266E+06]],[[3.67945E+08,3.85073E+06]],[[3.75320E+08,3.85743E+06]],[[3.74982E+08,3.99777E+06]],[[3.75762E+08,4.42784E+06]],[[3.76022E+08,4.58291E+06]],[[3.74525E+08,3.83866E+06]],[[3.71502E+08,3.42132E+06]],[[3.73064E+08,3.54763E+06]],[[3.70162E+08,3.98765E+06]],[[3.71362E+08,3.18052E+06]],[[3.70356E+08,3.50589E+06]],[[3.70813E+08,3.34802E+06]],[[3.72416E+08,4.01494E+06]],[[3.70981E+08,4.44248E+06]],[[3.74232E+08,5.88604E+06]],[[3.69615E+08,4.83116E+06]],[[3.72370E+08,5.79159E+06]],[[3.75756E+08,5.70814E+06]],[[3.72914E+08,5.06763E+06]],[[3.74017E+08,4.65122E+06]],[[3.76228E+08,6.29223E+06]],[[3.76538E+08,6.49759E+06]],[[3.76962E+08,6.12744E+06]],[[3.76310E+08,6.01318E+06]],[[3.78964E+08,5.81267E+06]],[[3.73942E+08,6.43095E+06]],[[3.77088E+08,6.16735E+06]],[[3.70743E+08,4.57367E+06]],[[3.75310E+08,4.79046E+06]],[[3.75297E+08,4.52548E+06]],[[3.74865E+08,4.74698E+06]],[[3.73556E+08,5.81841E+06]],[[3.75197E+08,6.29061E+06]],[[3.74242E+08,5.13312E+06]],[[3.76772E+08,5.28001E+06]],[[3.77836E+08,6.08404E+06]],[[3.77063E+08,5.64577E+06]],[[3.73801E+08,6.38786E+06]],[[3.77000E+08,6.69700E+06]],[[3.76938E+08,7.24164E+06]],[[3.77214E+08,6.59798E+06]],[[3.81648E+08,6.80958E+06]],[[3.78258E+08,6.69715E+06]],[[3.74735E+08,6.96740E+06]],[[3.77762E+08,6.17456E+06]],[[3.76645E+08,6.25802E+06]],[[3.79477E+08,5.78567E+06]],[[3.78023E+08,4.72798E+06]],[[3.76424E+08,6.96968E+06]],[[3.77823E+08,7.05271E+06]],[[3.77630E+08,6.02023E+06]],[[3.77113E+08,5.57089E+06]],[[3.75953E+08,6.72550E+06]],[[3.73109E+08,6.51279E+06]],[[3.79153E+08,7.96743E+06]],[[3.73969E+08,7.73392E+06]],[[3.74666E+08,7.44842E+06]],[[3.77210E+08,7.06911E+06]],[[3.77421E+08,7.11455E+06]],[[3.79250E+08,7.62234E+06]],[[3.80250E+08,6.98476E+06]],[[3.82035E+08,7.03910E+06]],[[3.83407E+08,8.54732E+06]],[[3.84581E+08,7.31686E+06]],[[3.82619E+08,7.71248E+06]],[[3.86096E+08,7.33437E+06]],[[3.87051E+08,7.80132E+06]],[[3.88410E+08,6.88540E+06]],[[3.87386E+08,7.35510E+06]],[[3.86084E+08,7.32967E+06]],[[3.87483E+08,7.94943E+06]],[[3.86753E+08,7.81245E+06]],[[3.89162E+08,7.57152E+06]],[[3.85675E+08,8.44209E+06]],[[3.86771E+08,7.72299E+06]],[[3.89838E+08,7.91936E+06]],[[3.88376E+08,8.60959E+06]],[[3.87355E+08,7.70776E+06]]]
  }
}
