{
  "seed":1130377621,
  "pop":1000000,
  "Source_batches":5,
  "Time_increment":1.00000E-05,
  "Time_bins":70,
  "Total_CPU_Time":2.26922E+04,
  "Transport_time":1.56058E+03,
  "batchSize":1,
  "flux_time":{
    "multiMapOrder":["Cell","Time"],
    "CellBins":[["8"]],
    "TimeBounds":[[0.00000E+00,1.00000E-05],[1.00000E-05,2.00000E-05],[2.00000E-05,3.00000E-05],[3.00000E-05,4.00000E-05],[4.00000E-05,5.00000E-05],[5.00000E-05,6.00000E-05],[6.00000E-05,7.00000E-05],[7.00000E-05,8.00000E-05],[8.00000E-05,9.00000E-05],[9.00000E-05,1.00000E-04],[1.00000E-04,1.10000E-04],[1.10000E-04,1.20000E-04],[1.20000E-04,1.30000E-04],[1.30000E-04,1.40000E-04],[1.40000E-04,1.50000E-04],[1.50000E-04,1.60000E-04],[1.60000E-04,1.70000E-04],[1.70000E-04,1.80000E-04],[1.80000E-04,1.90000E-04],[1.90000E-04,2.00000E-04],[2.00000E-04,2.10000E-04],[2.10000E-04,2.20000E-04],[2.20000E-04,2.30000E-04],[2.30000E-04,2.40000E-04],[2.40000E-04,2.50000E-04],[2.50000E-04,2.60000E-04],[2.60000E-04,2.70000E-04],[2.70000E-04,2.80000E-04],[2.80000E-04,2.90000E-04],[2.90000E-04,3.00000E-04],[3.00000E-04,3.10000E-04],[3.10000E-04,3.20000E-04],[3.20000E-04,3.30000E-04],[3.30000E-04,3.40000E-04],[3.40000E-04,3.50000E-04],[3.50000E-04,3.60000E-04],[3.60000E-04,3.70000E-04],[3.70000E-04,3.80000E-04],[3.80000E-04,3.90000E-04],[3.90000E-04,4.00000E-04],[4.00000E-04,4.10000E-04],[4.10000E-04,4.20000E-04],[4.20000E-04,4.30000E-04],[4.30000E-04,4.40000E-04],[4.40000E-04,4.50000E-04],[4.50000E-04,4.60000E-04],[4.60000E-04,4.70000E-04],[4.70000E-04,4.80000E-04],[4.80000E-04,4.90000E-04],[4.90000E-04,5.00000E-04],[5.00000E-04,5.10000E-04],[5.10000E-04,5.20000E-04],[5.20000E-04,5.30000E-04],[5.30000E-04,5.40000E-04],[5.40000E-04,5.50000E-04],[5.50000E-04,5.60000E-04],[5.60000E-04,5.70000E-04],[5.70000E-04,5.80000E-04],[5.80000E-04,5.90000E-04],[5.90000E-04,6.00000E-04],[6.00000E-04,6.10000E-04],[6.10000E-04,6.20000E-04],[6.20000E-04,6.30000E-04],[6.30000E-04,6.40000E-04],[6.40000E-04,6.50000E-04],[6.50000E-04,6.60000E-04],[6.60000E-04,6.70000E-04],[6.70000E-04,6.80000E-04],[6.80000E-04,6.90000E-04],[6.90000E-04,7.00000E-04]],
    "Res":[[[[2.08824E+02,1.82685E+01]]],[[[4.78246E-01,1.53473E-01]]],[[[4.25173E-01,6.64126E-02]]],[[[5.26964E-01,4.22111E-02]]],[[[4.85836E-01,5.80403E-02]]],[[[5.02452E-01,6.35830E-02]]],[[[4.40623E-01,2.58542E-02]]],[[[3.72544E-01,1.13845E-02]]],[[[3.26180E-01,3.06696E-03]]],[[[2.98254E-01,6.74534E-03]]],[[[2.62639E-01,4.60169E-03]]],[[[2.39976E-01,3.90833E-03]]],[[[2.10649E-01,2.68280E-03]]],[[[1.94006E-01,4.40415E-03]]],[[[1.73694E-01,4.25907E-03]]],[[[1.54570E-01,3.37938E-03]]],[[[1.43529E-01,3.07801E-03]]],[[[1.28607E-01,3.88166E-03]]],[[[1.17006E-01,2.99644E-03]]],[[[1.08098E-01,2.73714E-03]]],[[[9.41639E-02,3.22529E-03]]],[[[8.72754E-02,1.81649E-03]]],[[[8.03499E-02,1.88893E-03]]],[[[7.08333E-02,1.14798E-03]]],[[[6.41011E-02,1.05599E-03]]],[[[5.89694E-02,9.57822E-04]]],[[[5.31669E-02,1.12698E-03]]],[[[4.87101E-02,1.70701E-04]]],[[[4.49922E-02,1.03579E-03]]],[[[4.00712E-02,7.99733E-04]]],[[[3.57601E-02,7.32155E-04]]],[[[3.32123E-02,6.30375E-04]]],[[[2.99601E-02,8.75180E-04]]],[[[2.69757E-02,4.14651E-04]]],[[[2.48363E-02,7.35183E-04]]],[[[2.23813E-02,4.49569E-04]]],[[[2.10193E-02,5.41085E-04]]],[[[1.81989E-02,2.17725E-04]]],[[[1.72375E-02,5.07606E-04]]],[[[1.57830E-02,1.50227E-04]]],[[[1.41535E-02,2.04162E-04]]],[[[1.31663E-02,2.42929E-04]]],[[[1.16923E-02,1.54839E-04]]],[[[1.04622E-02,2.24631E-04]]],[[[9.57107E-03,1.94130E-04]]],[[[8.90686E-03,1.33135E-04]]],[[[8.07699E-03,6.02788E-05]]],[[[7.25077E-03,1.63814E-04]]],[[[6.39509E-03,7.89981E-05]]],[[[5.97063E-03,8.08144E-05]]],[[[5.44494E-03,9.33328E-05]]],[[[5.04179E-03,3.75137E-05]]],[[[4.46194E-03,5.96258E-05]]],[[[4.16097E-03,1.11302E-04]]],[[[3.74114E-03,8.18731E-05]]],[[[3.49598E-03,9.04569E-05]]],[[[3.13133E-03,3.44931E-05]]],[[[2.88937E-03,4.62899E-05]]],[[[2.61913E-03,4.81837E-05]]],[[[2.39557E-03,3.70460E-05]]],[[[2.13345E-03,2.83194E-05]]],[[[1.93441E-03,5.03477E-05]]],[[[1.82431E-03,2.86047E-05]]],[[[1.62828E-03,2.52852E-05]]],[[[1.46995E-03,3.32627E-05]]],[[[1.35938E-03,1.60105E-05]]],[[[1.22808E-03,2.67641E-05]]],[[[1.14598E-03,3.08178E-05]]],[[[1.02556E-03,9.57873E-06]]],[[[9.32443E-04,3.10503E-05]]]]
  }
}
