{
  "seed":-995165636,
  "pop":1000000,
  "Source_batches":30,
  "Time_increment":1.00000E-05,
  "Time_bins":70,
  "Total_CPU_Time":2.69344E+03,
  "Transport_time":0.00000E+00,
  "batchSize":1,
  "flux_time":{
    "TimeBounds":[[0.00000E+00,1.00000E-05],[1.00000E-05,2.00000E-05],[2.00000E-05,3.00000E-05],[3.00000E-05,4.00000E-05],[4.00000E-05,5.00000E-05],[5.00000E-05,6.00000E-05],[6.00000E-05,7.00000E-05],[7.00000E-05,8.00000E-05],[8.00000E-05,9.00000E-05],[9.00000E-05,1.00000E-04],[1.00000E-04,1.10000E-04],[1.10000E-04,1.20000E-04],[1.20000E-04,1.30000E-04],[1.30000E-04,1.40000E-04],[1.40000E-04,1.50000E-04],[1.50000E-04,1.60000E-04],[1.60000E-04,1.70000E-04],[1.70000E-04,1.80000E-04],[1.80000E-04,1.90000E-04],[1.90000E-04,2.00000E-04],[2.00000E-04,2.10000E-04],[2.10000E-04,2.20000E-04],[2.20000E-04,2.30000E-04],[2.30000E-04,2.40000E-04],[2.40000E-04,2.50000E-04],[2.50000E-04,2.60000E-04],[2.60000E-04,2.70000E-04],[2.70000E-04,2.80000E-04],[2.80000E-04,2.90000E-04],[2.90000E-04,3.00000E-04],[3.00000E-04,3.10000E-04],[3.10000E-04,3.20000E-04],[3.20000E-04,3.30000E-04],[3.30000E-04,3.40000E-04],[3.40000E-04,3.50000E-04],[3.50000E-04,3.60000E-04],[3.60000E-04,3.70000E-04],[3.70000E-04,3.80000E-04],[3.80000E-04,3.90000E-04],[3.90000E-04,4.00000E-04],[4.00000E-04,4.10000E-04],[4.10000E-04,4.20000E-04],[4.20000E-04,4.30000E-04],[4.30000E-04,4.40000E-04],[4.40000E-04,4.50000E-04],[4.50000E-04,4.60000E-04],[4.60000E-04,4.70000E-04],[4.70000E-04,4.80000E-04],[4.80000E-04,4.90000E-04],[4.90000E-04,5.00000E-04],[5.00000E-04,5.10000E-04],[5.10000E-04,5.20000E-04],[5.20000E-04,5.30000E-04],[5.30000E-04,5.40000E-04],[5.40000E-04,5.50000E-04],[5.50000E-04,5.60000E-04],[5.60000E-04,5.70000E-04],[5.70000E-04,5.80000E-04],[5.80000E-04,5.90000E-04],[5.90000E-04,6.00000E-04],[6.00000E-04,6.10000E-04],[6.10000E-04,6.20000E-04],[6.20000E-04,6.30000E-04],[6.30000E-04,6.40000E-04],[6.40000E-04,6.50000E-04],[6.50000E-04,6.60000E-04],[6.60000E-04,6.70000E-04],[6.70000E-04,6.80000E-04],[6.80000E-04,6.90000E-04],[6.90000E-04,7.00000E-04]],
    "Res":[[[1.29533E+08,2.78024E+04]],[[6.55731E+02,4.82044E+01]],[[6.75629E+01,6.74424E+00]],[[1.63673E+01,2.05262E+00]],[[5.76394E+00,8.50482E-01]],[[2.50685E+00,4.18304E-01]],[[1.24924E+00,2.28674E-01]],[[6.84763E-01,1.34763E-01]],[[4.02898E-01,8.40480E-02]],[[2.50476E-01,5.49450E-02]],[[1.62616E-01,3.71722E-02]],[[1.09405E-01,2.58635E-02]],[[7.58794E-02,1.84974E-02]],[[5.39260E-02,1.34936E-02]],[[3.91626E-02,1.00171E-02]],[[2.90034E-02,7.57823E-03]],[[2.18123E-02,5.79020E-03]],[[1.66642E-02,4.50247E-03]],[[1.28882E-02,3.53033E-03]],[[1.00821E-02,2.79741E-03]],[[7.97171E-03,2.23948E-03]],[[6.37127E-03,1.81279E-03]],[[5.13001E-03,1.47314E-03]],[[4.15987E-03,1.20366E-03]],[[3.40176E-03,9.94857E-04]],[[2.80011E-03,8.24540E-04]],[[2.31650E-03,6.87190E-04]],[[1.93079E-03,5.76785E-04]],[[1.61624E-03,4.85381E-04]],[[1.36040E-03,4.11606E-04]],[[1.15069E-03,3.50814E-04]],[[9.76066E-04,2.98618E-04]],[[8.32417E-04,2.56097E-04]],[[7.12549E-04,2.20471E-04]],[[6.11692E-04,1.89784E-04]],[[5.27556E-04,1.64583E-04]],[[4.56071E-04,1.42698E-04]],[[3.95208E-04,1.24052E-04]],[[3.43502E-04,1.08142E-04]],[[2.99395E-04,9.45682E-05]],[[2.61803E-04,8.29784E-05]],[[2.29563E-04,7.29990E-05]],[[2.01654E-04,6.43137E-05]],[[1.77442E-04,5.67081E-05]],[[1.56653E-04,5.02703E-05]],[[1.38592E-04,4.45893E-05]],[[1.22604E-04,3.95033E-05]],[[1.09079E-04,3.53433E-05]],[[9.67763E-05,3.13335E-05]],[[8.61857E-05,2.79409E-05]],[[7.69120E-05,2.49704E-05]],[[6.87235E-05,2.23524E-05]],[[6.15354E-05,2.01009E-05]],[[5.51588E-05,1.80486E-05]],[[4.94971E-05,1.61950E-05]],[[4.44745E-05,1.45828E-05]],[[4.00877E-05,1.32019E-05]],[[3.60817E-05,1.18854E-05]],[[3.25504E-05,1.07205E-05]],[[2.94152E-05,9.70018E-06]],[[2.66099E-05,8.79601E-06]],[[2.40782E-05,7.97047E-06]],[[2.18435E-05,7.23765E-06]],[[1.98094E-05,6.57494E-06]],[[1.79969E-05,5.96959E-06]],[[1.63971E-05,5.47176E-06]],[[1.49264E-05,4.98520E-06]],[[1.35742E-05,4.53184E-06]],[[1.23783E-05,4.13347E-06]],[[1.12722E-05,3.75841E-06]]]
  }
}
