{
  "seed":86124794,
  "pop":1000000,
  "Source_batches":3,
  "Time_increment":1.00000E-05,
  "Time_bins":70,
  "Total_CPU_Time":8.44906E+02,
  "Transport_time":0.00000E+00,
  "batchSize":1,
  "flux_time":{
    "TimeBounds":[[0.00000E+00,1.00000E-05],[1.00000E-05,2.00000E-05],[2.00000E-05,3.00000E-05],[3.00000E-05,4.00000E-05],[4.00000E-05,5.00000E-05],[5.00000E-05,6.00000E-05],[6.00000E-05,7.00000E-05],[7.00000E-05,8.00000E-05],[8.00000E-05,9.00000E-05],[9.00000E-05,1.00000E-04],[1.00000E-04,1.10000E-04],[1.10000E-04,1.20000E-04],[1.20000E-04,1.30000E-04],[1.30000E-04,1.40000E-04],[1.40000E-04,1.50000E-04],[1.50000E-04,1.60000E-04],[1.60000E-04,1.70000E-04],[1.70000E-04,1.80000E-04],[1.80000E-04,1.90000E-04],[1.90000E-04,2.00000E-04],[2.00000E-04,2.10000E-04],[2.10000E-04,2.20000E-04],[2.20000E-04,2.30000E-04],[2.30000E-04,2.40000E-04],[2.40000E-04,2.50000E-04],[2.50000E-04,2.60000E-04],[2.60000E-04,2.70000E-04],[2.70000E-04,2.80000E-04],[2.80000E-04,2.90000E-04],[2.90000E-04,3.00000E-04],[3.00000E-04,3.10000E-04],[3.10000E-04,3.20000E-04],[3.20000E-04,3.30000E-04],[3.30000E-04,3.40000E-04],[3.40000E-04,3.50000E-04],[3.50000E-04,3.60000E-04],[3.60000E-04,3.70000E-04],[3.70000E-04,3.80000E-04],[3.80000E-04,3.90000E-04],[3.90000E-04,4.00000E-04],[4.00000E-04,4.10000E-04],[4.10000E-04,4.20000E-04],[4.20000E-04,4.30000E-04],[4.30000E-04,4.40000E-04],[4.40000E-04,4.50000E-04],[4.50000E-04,4.60000E-04],[4.60000E-04,4.70000E-04],[4.70000E-04,4.80000E-04],[4.80000E-04,4.90000E-04],[4.90000E-04,5.00000E-04],[5.00000E-04,5.10000E-04],[5.10000E-04,5.20000E-04],[5.20000E-04,5.30000E-04],[5.30000E-04,5.40000E-04],[5.40000E-04,5.50000E-04],[5.50000E-04,5.60000E-04],[5.60000E-04,5.70000E-04],[5.70000E-04,5.80000E-04],[5.80000E-04,5.90000E-04],[5.90000E-04,6.00000E-04],[6.00000E-04,6.10000E-04],[6.10000E-04,6.20000E-04],[6.20000E-04,6.30000E-04],[6.30000E-04,6.40000E-04],[6.40000E-04,6.50000E-04],[6.50000E-04,6.60000E-04],[6.60000E-04,6.70000E-04],[6.70000E-04,6.80000E-04],[6.80000E-04,6.90000E-04],[6.90000E-04,7.00000E-04]],
    "Res":[[[5.85426E+07,2.91190E+04]],[[1.29862E+06,1.45294E+03]],[[1.15665E+06,1.09541E+03]],[[1.07914E+06,9.15465E+02]],[[1.01594E+06,1.07642E+03]],[[9.61313E+05,1.03803E+03]],[[9.11125E+05,9.54157E+02]],[[8.65331E+05,1.11240E+03]],[[8.22798E+05,5.96296E+02]],[[7.81882E+05,8.50043E+02]],[[7.43667E+05,6.63691E+02]],[[7.07729E+05,6.26802E+02]],[[6.73573E+05,8.12988E+02]],[[6.41863E+05,8.67909E+02]],[[6.11805E+05,7.14211E+02]],[[5.83014E+05,5.90792E+02]],[[5.56144E+05,6.70619E+02]],[[5.30294E+05,5.48563E+02]],[[5.06075E+05,5.13649E+02]],[[4.82879E+05,5.37571E+02]],[[4.61191E+05,4.97245E+02]],[[4.40671E+05,4.24815E+02]],[[4.21190E+05,4.54022E+02]],[[4.02853E+05,3.61308E+02]],[[3.85625E+05,2.89198E+02]],[[3.69272E+05,4.98206E+02]],[[3.53625E+05,2.86111E+02]],[[3.38723E+05,4.31366E+02]],[[3.24568E+05,5.27312E+02]],[[3.11129E+05,3.99930E+02]],[[2.98376E+05,3.28445E+02]],[[2.86156E+05,2.38070E+02]],[[2.74652E+05,2.50026E+02]],[[2.63652E+05,2.81390E+02]],[[2.53334E+05,2.50650E+02]],[[2.43537E+05,1.52890E+02]],[[2.34183E+05,3.10490E+02]],[[2.25063E+05,2.49368E+02]],[[2.16665E+05,2.51406E+02]],[[2.08581E+05,1.84920E+02]],[[2.00626E+05,1.84151E+02]],[[1.93399E+05,1.23556E+02]],[[1.86419E+05,1.65224E+02]],[[1.79699E+05,2.02027E+02]],[[1.73309E+05,2.26214E+02]],[[1.67264E+05,2.12304E+02]],[[1.61456E+05,1.71069E+02]],[[1.55845E+05,1.41743E+02]],[[1.50584E+05,2.24085E+02]],[[1.45568E+05,1.40030E+02]],[[1.40666E+05,1.73110E+02]],[[1.36016E+05,1.46548E+02]],[[1.31500E+05,1.19528E+02]],[[1.27331E+05,1.47012E+02]],[[1.23229E+05,3.63023E+01]],[[1.19334E+05,7.54701E+01]],[[1.15634E+05,1.06909E+02]],[[1.12050E+05,9.85814E+01]],[[1.08560E+05,7.37293E+01]],[[1.05330E+05,7.59031E+01]],[[1.02192E+05,2.73510E+01]],[[9.91545E+04,1.00857E+02]],[[9.62286E+04,9.34017E+01]],[[9.34597E+04,9.13155E+01]],[[9.07610E+04,7.58788E+01]],[[8.81631E+04,5.47191E+01]],[[8.56701E+04,3.78452E+01]],[[8.33111E+04,2.46720E+01]],[[8.10196E+04,2.52898E+01]],[[7.88069E+04,3.34568E+01]]]
  }
}
