  ><((((*>  ><((((*>  ><((((*>  ><((((*>  ><((((*>  ><((((*>  ><((((*> 
 
         _____ __________  _   ________  
        / ___// ____/ __ \/ | / / ____/  
        \__ \/ /   / / / /  |/ / __/     
       ___/ / /___/ /_/ / /|  / /___     
      /____/\____/\____/_/ |_/_____/     
 
 
 Compiler Info :   GCC version 9.4.0
 OpenMP Threads:   40
 MPI Processes:     1

  <*((((><  <*((((><  <*((((><  <*((((><  <*((((><  <*((((><  <*((((>< 
 <><><><><><><><><><><><><><><><><><><><><><><><><><><><><><><><><><><>
 /\/\ READING GEOMETRY /\/\
 Building Surfaces
 DONE!
 Building Cells
 DONE!
 Building Universes
 DONE!
 CHECKING GEOMETRY:
   Recursion in definition - NOT PRESENT!
   Nesting level - FINE!
   Outside below root - NOT PRESENT!
 BUILDING GEOMETRY GRAPH
 DONE!
 GEOMETRY INFORMATION
   Number of Surfaces: 4
   Number of Cells: 4
   Number of Universes: 3
   Nesting Levels: 3
   Unique Cells: 9
   Unused universes (ID): 
   Boundary Surface ID: 1
   Boundary Surface Type: zTruncHexagon
   Boundary Conditions: 2 2 0 2 2 0
 \/\/ FINISHED READING GEOMETRY \/\/
 <><><><><><><><><><><><><><><><><><><><><><><><><><><><><><><><><><><>
 Building: 42095.01 with index: 1
 Building: 11023.01 with index: 2
 Building: 40090.01 with index: 3
 Building: 42096.01 with index: 4
 Building: 26054.01 with index: 5
 Building: 24054.01 with index: 6
 Building: 42100.01 with index: 7
 Building: 40092.01 with index: 8
 Building: 26056.01 with index: 9
 Building: 24053.01 with index: 10
 Building: 42092.01 with index: 11
 Building: 40094.01 with index: 12
 Building: 94241.01 with index: 13
 Building: 2004.02 with index: 14
 Building: 26058.01 with index: 15
 Building: 42097.01 with index: 16
 Building: 42098.01 with index: 17
 Building: 24050.01 with index: 18
 Building: 94240.01 with index: 19
 Building: 40091.01 with index: 20
 Building: 26057.01 with index: 21
 Building: 92235.01 with index: 22
 Building: 24052.01 with index: 23
 Building: 94239.01 with index: 24
 Building: 92238.01 with index: 25
 Building: 42094.01 with index: 26
 Building: 40096.01 with index: 27
 CE unionised energy grid has size: 688115
 CE unionised majorant cross section calculation completed
 Initialising visualiser
 Constructing visualisation
 <><><><><><><><><><><><><><><><><><><><><><><><><><><><><><><><><><><>
 /\/\ EIGENVALUE CALCULATION WITH POWER ITERATION METHOD /\/\
 Inactive Cycles:    200
 Active Cycles:      200
 Neutron Population: 1000000
 Initial RNG Seed:   1
 
 <><><><><><><><><><><><><><><><><><><><><><><><><><><><><><><><><><><>
 <><><><><><><><><><><><><><><><><><><><><><><><><><><><><><><><><><><>
 /\/\ EIGENVALUE CALCULATION /\/\
 GENERATING INITIAL FISSION SOURCE
 DONE!
   ><((((*>  ><((((*>  ><((((*>  ><((((*>  ><((((*>  ><((((*>  ><((((*>
 
 Cycle: 1 of 200
 Pop: 1000000 -> 503445
 Elapsed time:   0:00:02
 End time:       0:07:41
 Time to end:    0:07:39
 k-eff (analog):  0.50345 +/-  0.00000                                 
 >  ><((((*>  ><((((*>  ><((((*>  ><((((*>  ><((((*>  ><((((*>  ><((((*
 
 Cycle: 2 of 200
 Pop: 1000000 -> 1031507
 Elapsed time:   0:00:04
 End time:       0:07:44
 Time to end:    0:07:39
 k-eff (analog):  0.51138 +/-  0.00793                                 
 *>  ><((((*>  ><((((*>  ><((((*>  ><((((*>  ><((((*>  ><((((*>  ><((((
 
 Cycle: 3 of 200
 Pop: 1000000 -> 1026736
 Elapsed time:   0:00:06
 End time:       0:07:46
 Time to end:    0:07:39
 k-eff (analog):  0.51593 +/-  0.00646                                 
 (*>  ><((((*>  ><((((*>  ><((((*>  ><((((*>  ><((((*>  ><((((*>  ><(((
 
 Cycle: 4 of 200
 Pop: 1000000 -> 1014767
 Elapsed time:   0:00:09
 End time:       0:07:47
 Time to end:    0:07:37
 k-eff (analog):  0.51784 +/-  0.00495                                 
 ((*>  ><((((*>  ><((((*>  ><((((*>  ><((((*>  ><((((*>  ><((((*>  ><((
 
 Cycle: 5 of 200
 Pop: 1000000 -> 1013442
 Elapsed time:   0:00:11
 End time:       0:07:47
 Time to end:    0:07:36
 k-eff (analog):  0.51923 +/-  0.00408                                 
 (((*>  ><((((*>  ><((((*>  ><((((*>  ><((((*>  ><((((*>  ><((((*>  ><(
 
 Cycle: 6 of 200
 Pop: 1000000 -> 1011540
 Elapsed time:   0:00:14
 End time:       0:07:48
 Time to end:    0:07:34
 k-eff (analog):  0.52023 +/-  0.00348                                 
 ((((*>  ><((((*>  ><((((*>  ><((((*>  ><((((*>  ><((((*>  ><((((*>  ><
 
 Cycle: 7 of 200
 Pop: 1000000 -> 1010499
 Elapsed time:   0:00:16
 End time:       0:07:48
 Time to end:    0:07:32
 k-eff (analog):  0.52101 +/-  0.00304                                 
 <((((*>  ><((((*>  ><((((*>  ><((((*>  ><((((*>  ><((((*>  ><((((*>  >
 
 Cycle: 8 of 200
 Pop: 1000000 -> 1007396
 Elapsed time:   0:00:18
 End time:       0:07:49
 Time to end:    0:07:30
 k-eff (analog):  0.52149 +/-  0.00268                                 
 ><((((*>  ><((((*>  ><((((*>  ><((((*>  ><((((*>  ><((((*>  ><((((*>  
 
 Cycle: 9 of 200
 Pop: 1000000 -> 1005318
 Elapsed time:   0:00:21
 End time:       0:07:49
 Time to end:    0:07:28
 k-eff (analog):  0.52180 +/-  0.00238                                 
  ><((((*>  ><((((*>  ><((((*>  ><((((*>  ><((((*>  ><((((*>  ><((((*> 
 
 Cycle: 10 of 200
 Pop: 1000000 -> 1007347
 Elapsed time:   0:00:23
 End time:       0:07:49
 Time to end:    0:07:26
 k-eff (analog):  0.52218 +/-  0.00216                                 
   ><((((*>  ><((((*>  ><((((*>  ><((((*>  ><((((*>  ><((((*>  ><((((*>
 
 Cycle: 11 of 200
 Pop: 1000000 -> 982448
 Elapsed time:   0:00:27
 End time:       0:08:20
 Time to end:    0:07:52
 k-eff (analog):  0.52135 +/-  0.00213                                 
 >  ><((((*>  ><((((*>  ><((((*>  ><((((*>  ><((((*>  ><((((*>  ><((((*
 
 Cycle: 12 of 200
 Pop: 1000000 -> 984621
 Elapsed time:   0:00:30
 End time:       0:08:32
 Time to end:    0:08:02
 k-eff (analog):  0.52068 +/-  0.00205                                 
 *>  ><((((*>  ><((((*>  ><((((*>  ><((((*>  ><((((*>  ><((((*>  ><((((
 
 Cycle: 13 of 200
 Pop: 1000000 -> 986149
 Elapsed time:   0:00:34
 End time:       0:08:43
 Time to end:    0:08:09
 k-eff (analog):  0.52013 +/-  0.00197                                 
 (*>  ><((((*>  ><((((*>  ><((((*>  ><((((*>  ><((((*>  ><((((*>  ><(((
 
 Cycle: 14 of 200
 Pop: 1000000 -> 987349
 Elapsed time:   0:00:37
 End time:       0:08:53
 Time to end:    0:08:15
 k-eff (analog):  0.51966 +/-  0.00188                                 
 ((*>  ><((((*>  ><((((*>  ><((((*>  ><((((*>  ><((((*>  ><((((*>  ><((
 
 Cycle: 15 of 200
 Pop: 1000000 -> 990778
 Elapsed time:   0:00:40
 End time:       0:09:01
 Time to end:    0:08:20
 k-eff (analog):  0.51934 +/-  0.00178                                 
 (((*>  ><((((*>  ><((((*>  ><((((*>  ><((((*>  ><((((*>  ><((((*>  ><(
 
 Cycle: 16 of 200
 Pop: 1000000 -> 992031
 Elapsed time:   0:00:43
 End time:       0:09:08
 Time to end:    0:08:24
 k-eff (analog):  0.51908 +/-  0.00169                                 
 ((((*>  ><((((*>  ><((((*>  ><((((*>  ><((((*>  ><((((*>  ><((((*>  ><
 
 Cycle: 17 of 200
 Pop: 1000000 -> 990056
 Elapsed time:   0:00:47
 End time:       0:09:14
 Time to end:    0:08:27
 k-eff (analog):  0.51877 +/-  0.00161                                 
 <((((*>  ><((((*>  ><((((*>  ><((((*>  ><((((*>  ><((((*>  ><((((*>  >
 
 Cycle: 18 of 200
 Pop: 1000000 -> 991911
 Elapsed time:   0:00:50
 End time:       0:09:20
 Time to end:    0:08:30
 k-eff (analog):  0.51854 +/-  0.00154                                 
 ><((((*>  ><((((*>  ><((((*>  ><((((*>  ><((((*>  ><((((*>  ><((((*>  
 
 Cycle: 19 of 200
 Pop: 1000000 -> 991451
 Elapsed time:   0:00:53
 End time:       0:09:26
 Time to end:    0:08:32
 k-eff (analog):  0.51831 +/-  0.00147                                 
  ><((((*>  ><((((*>  ><((((*>  ><((((*>  ><((((*>  ><((((*>  ><((((*> 
 
 Cycle: 20 of 200
 Pop: 1000000 -> 992251
 Elapsed time:   0:00:57
 End time:       0:09:30
 Time to end:    0:08:33
 k-eff (analog):  0.51811 +/-  0.00141                                 
   ><((((*>  ><((((*>  ><((((*>  ><((((*>  ><((((*>  ><((((*>  ><((((*>
 
 Cycle: 21 of 200
 Pop: 1000000 -> 991722
 Elapsed time:   0:01:01
 End time:       0:09:44
 Time to end:    0:08:43
 k-eff (analog):  0.51790 +/-  0.00136                                 
 >  ><((((*>  ><((((*>  ><((((*>  ><((((*>  ><((((*>  ><((((*>  ><((((*
 
 Cycle: 22 of 200
 Pop: 1000000 -> 992729
 Elapsed time:   0:01:04
 End time:       0:09:48
 Time to end:    0:08:44
 k-eff (analog):  0.51773 +/-  0.00131                                 
 *>  ><((((*>  ><((((*>  ><((((*>  ><((((*>  ><((((*>  ><((((*>  ><((((
 
 Cycle: 23 of 200
 Pop: 1000000 -> 993606
 Elapsed time:   0:01:08
 End time:       0:09:52
 Time to end:    0:08:43
 k-eff (analog):  0.51759 +/-  0.00126                                 
 (*>  ><((((*>  ><((((*>  ><((((*>  ><((((*>  ><((((*>  ><((((*>  ><(((
 
 Cycle: 24 of 200
 Pop: 1000000 -> 993908
 Elapsed time:   0:01:11
 End time:       0:09:54
 Time to end:    0:08:43
 k-eff (analog):  0.51746 +/-  0.00121                                 
 ((*>  ><((((*>  ><((((*>  ><((((*>  ><((((*>  ><((((*>  ><((((*>  ><((
 
 Cycle: 25 of 200
 Pop: 1000000 -> 993101
 Elapsed time:   0:01:14
 End time:       0:09:57
 Time to end:    0:08:43
 k-eff (analog):  0.51731 +/-  0.00117                                 
 (((*>  ><((((*>  ><((((*>  ><((((*>  ><((((*>  ><((((*>  ><((((*>  ><(
 
 Cycle: 26 of 200
 Pop: 1000000 -> 991696
 Elapsed time:   0:01:18
 End time:       0:10:00
 Time to end:    0:08:42
 k-eff (analog):  0.51715 +/-  0.00114                                 
 ((((*>  ><((((*>  ><((((*>  ><((((*>  ><((((*>  ><((((*>  ><((((*>  ><
 
 Cycle: 27 of 200
 Pop: 1000000 -> 993414
 Elapsed time:   0:01:21
 End time:       0:10:02
 Time to end:    0:08:41
 k-eff (analog):  0.51702 +/-  0.00110                                 
 <((((*>  ><((((*>  ><((((*>  ><((((*>  ><((((*>  ><((((*>  ><((((*>  >
 
 Cycle: 28 of 200
 Pop: 1000000 -> 993557
 Elapsed time:   0:01:24
 End time:       0:10:05
 Time to end:    0:08:40
 k-eff (analog):  0.51690 +/-  0.00107                                 
 ><((((*>  ><((((*>  ><((((*>  ><((((*>  ><((((*>  ><((((*>  ><((((*>  
 
 Cycle: 29 of 200
 Pop: 1000000 -> 994900
 Elapsed time:   0:01:28
 End time:       0:10:07
 Time to end:    0:08:39
 k-eff (analog):  0.51681 +/-  0.00103                                 
  ><((((*>  ><((((*>  ><((((*>  ><((((*>  ><((((*>  ><((((*>  ><((((*> 
 
 Cycle: 30 of 200
 Pop: 1000000 -> 994521
 Elapsed time:   0:01:31
 End time:       0:10:09
 Time to end:    0:08:37
 k-eff (analog):  0.51672 +/-  0.00100                                 
   ><((((*>  ><((((*>  ><((((*>  ><((((*>  ><((((*>  ><((((*>  ><((((*>
 
 Cycle: 31 of 200
 Pop: 1000000 -> 995533
 Elapsed time:   0:01:35
 End time:       0:10:17
 Time to end:    0:08:41
 k-eff (analog):  0.51664 +/-  0.00097                                 
 >  ><((((*>  ><((((*>  ><((((*>  ><((((*>  ><((((*>  ><((((*>  ><((((*
 
 Cycle: 32 of 200
 Pop: 1000000 -> 997020
 Elapsed time:   0:01:39
 End time:       0:10:19
 Time to end:    0:08:39
 k-eff (analog):  0.51660 +/-  0.00094                                 
 *>  ><((((*>  ><((((*>  ><((((*>  ><((((*>  ><((((*>  ><((((*>  ><((((
 
 Cycle: 33 of 200
 Pop: 1000000 -> 997098
 Elapsed time:   0:01:42
 End time:       0:10:20
 Time to end:    0:08:38
 k-eff (analog):  0.51655 +/-  0.00092                                 
 (*>  ><((((*>  ><((((*>  ><((((*>  ><((((*>  ><((((*>  ><((((*>  ><(((
 
 Cycle: 34 of 200
 Pop: 1000000 -> 998427
 Elapsed time:   0:01:45
 End time:       0:10:21
 Time to end:    0:08:36
 k-eff (analog):  0.51653 +/-  0.00089                                 
 ((*>  ><((((*>  ><((((*>  ><((((*>  ><((((*>  ><((((*>  ><((((*>  ><((
 
 Cycle: 35 of 200
 Pop: 1000000 -> 995936
 Elapsed time:   0:01:49
 End time:       0:10:23
 Time to end:    0:08:34
 k-eff (analog):  0.51647 +/-  0.00086                                 
 (((*>  ><((((*>  ><((((*>  ><((((*>  ><((((*>  ><((((*>  ><((((*>  ><(
 
 Cycle: 36 of 200
 Pop: 1000000 -> 996470
 Elapsed time:   0:01:52
 End time:       0:10:24
 Time to end:    0:08:31
 k-eff (analog):  0.51642 +/-  0.00084                                 
 ((((*>  ><((((*>  ><((((*>  ><((((*>  ><((((*>  ><((((*>  ><((((*>  ><
 
 Cycle: 37 of 200
 Pop: 1000000 -> 998129
 Elapsed time:   0:01:55
 End time:       0:10:25
 Time to end:    0:08:29
 k-eff (analog):  0.51639 +/-  0.00082                                 
 <((((*>  ><((((*>  ><((((*>  ><((((*>  ><((((*>  ><((((*>  ><((((*>  >
 
 Cycle: 38 of 200
 Pop: 1000000 -> 995253
 Elapsed time:   0:01:59
 End time:       0:10:26
 Time to end:    0:08:27
 k-eff (analog):  0.51632 +/-  0.00080                                 
 ><((((*>  ><((((*>  ><((((*>  ><((((*>  ><((((*>  ><((((*>  ><((((*>  
 
 Cycle: 39 of 200
 Pop: 1000000 -> 995113
 Elapsed time:   0:02:02
 End time:       0:10:27
 Time to end:    0:08:25
 k-eff (analog):  0.51626 +/-  0.00078                                 
  ><((((*>  ><((((*>  ><((((*>  ><((((*>  ><((((*>  ><((((*>  ><((((*> 
 
 Cycle: 40 of 200
 Pop: 1000000 -> 995841
 Elapsed time:   0:02:05
 End time:       0:10:28
 Time to end:    0:08:22
 k-eff (analog):  0.51621 +/-  0.00076                                 
   ><((((*>  ><((((*>  ><((((*>  ><((((*>  ><((((*>  ><((((*>  ><((((*>
 
 Cycle: 41 of 200
 Pop: 1000000 -> 997336
 Elapsed time:   0:02:10
 End time:       0:10:34
 Time to end:    0:08:24
 k-eff (analog):  0.51617 +/-  0.00075                                 
 >  ><((((*>  ><((((*>  ><((((*>  ><((((*>  ><((((*>  ><((((*>  ><((((*
 
 Cycle: 42 of 200
 Pop: 1000000 -> 996942
 Elapsed time:   0:02:13
 End time:       0:10:35
 Time to end:    0:08:21
 k-eff (analog):  0.51614 +/-  0.00073                                 
 *>  ><((((*>  ><((((*>  ><((((*>  ><((((*>  ><((((*>  ><((((*>  ><((((
 
 Cycle: 43 of 200
 Pop: 1000000 -> 996245
 Elapsed time:   0:02:16
 End time:       0:10:35
 Time to end:    0:08:19
 k-eff (analog):  0.51609 +/-  0.00071                                 
 (*>  ><((((*>  ><((((*>  ><((((*>  ><((((*>  ><((((*>  ><((((*>  ><(((
 
 Cycle: 44 of 200
 Pop: 1000000 -> 996639
 Elapsed time:   0:02:20
 End time:       0:10:36
 Time to end:    0:08:16
 k-eff (analog):  0.51605 +/-  0.00070                                 
 ((*>  ><((((*>  ><((((*>  ><((((*>  ><((((*>  ><((((*>  ><((((*>  ><((
 
 Cycle: 45 of 200
 Pop: 1000000 -> 996816
 Elapsed time:   0:02:23
 End time:       0:10:37
 Time to end:    0:08:13
 k-eff (analog):  0.51601 +/-  0.00068                                 
 (((*>  ><((((*>  ><((((*>  ><((((*>  ><((((*>  ><((((*>  ><((((*>  ><(
 
 Cycle: 46 of 200
 Pop: 1000000 -> 995075
 Elapsed time:   0:02:26
 End time:       0:10:37
 Time to end:    0:08:10
 k-eff (analog):  0.51596 +/-  0.00067                                 
 ((((*>  ><((((*>  ><((((*>  ><((((*>  ><((((*>  ><((((*>  ><((((*>  ><
 
 Cycle: 47 of 200
 Pop: 1000000 -> 996129
 Elapsed time:   0:02:29
 End time:       0:10:37
 Time to end:    0:08:07
 k-eff (analog):  0.51592 +/-  0.00066                                 
 <((((*>  ><((((*>  ><((((*>  ><((((*>  ><((((*>  ><((((*>  ><((((*>  >
 
 Cycle: 48 of 200
 Pop: 1000000 -> 996851
 Elapsed time:   0:02:33
 End time:       0:10:38
 Time to end:    0:08:05
 k-eff (analog):  0.51588 +/-  0.00064                                 
 ><((((*>  ><((((*>  ><((((*>  ><((((*>  ><((((*>  ><((((*>  ><((((*>  
 
 Cycle: 49 of 200
 Pop: 1000000 -> 995295
 Elapsed time:   0:02:36
 End time:       0:10:38
 Time to end:    0:08:02
 k-eff (analog):  0.51583 +/-  0.00063                                 
  ><((((*>  ><((((*>  ><((((*>  ><((((*>  ><((((*>  ><((((*>  ><((((*> 
 
 Cycle: 50 of 200
 Pop: 1000000 -> 996489
 Elapsed time:   0:02:39
 End time:       0:10:39
 Time to end:    0:07:59
 k-eff (analog):  0.51580 +/-  0.00062                                 
   ><((((*>  ><((((*>  ><((((*>  ><((((*>  ><((((*>  ><((((*>  ><((((*>
 
 Cycle: 51 of 200
 Pop: 1000000 -> 997344
 Elapsed time:   0:02:44
 End time:       0:10:43
 Time to end:    0:07:59
 k-eff (analog):  0.51577 +/-  0.00061                                 
 >  ><((((*>  ><((((*>  ><((((*>  ><((((*>  ><((((*>  ><((((*>  ><((((*
 
 Cycle: 52 of 200
 Pop: 1000000 -> 996799
 Elapsed time:   0:02:47
 End time:       0:10:44
 Time to end:    0:07:56
 k-eff (analog):  0.51574 +/-  0.00060                                 
 *>  ><((((*>  ><((((*>  ><((((*>  ><((((*>  ><((((*>  ><((((*>  ><((((
 
 Cycle: 53 of 200
 Pop: 1000000 -> 998287
 Elapsed time:   0:02:50
 End time:       0:10:44
 Time to end:    0:07:53
 k-eff (analog):  0.51572 +/-  0.00059                                 
 (*>  ><((((*>  ><((((*>  ><((((*>  ><((((*>  ><((((*>  ><((((*>  ><(((
 
 Cycle: 54 of 200
 Pop: 1000000 -> 997001
 Elapsed time:   0:02:54
 End time:       0:10:44
 Time to end:    0:07:50
 k-eff (analog):  0.51569 +/-  0.00058                                 
 ((*>  ><((((*>  ><((((*>  ><((((*>  ><((((*>  ><((((*>  ><((((*>  ><((
 
 Cycle: 55 of 200
 Pop: 1000000 -> 997564
 Elapsed time:   0:02:57
 End time:       0:10:45
 Time to end:    0:07:47
 k-eff (analog):  0.51567 +/-  0.00057                                 
 (((*>  ><((((*>  ><((((*>  ><((((*>  ><((((*>  ><((((*>  ><((((*>  ><(
 
 Cycle: 56 of 200
 Pop: 1000000 -> 995608
 Elapsed time:   0:03:00
 End time:       0:10:45
 Time to end:    0:07:44
 k-eff (analog):  0.51563 +/-  0.00056                                 
 ((((*>  ><((((*>  ><((((*>  ><((((*>  ><((((*>  ><((((*>  ><((((*>  ><
 
 Cycle: 57 of 200
 Pop: 1000000 -> 997104
 Elapsed time:   0:03:04
 End time:       0:10:45
 Time to end:    0:07:41
 k-eff (analog):  0.51560 +/-  0.00055                                 
 <((((*>  ><((((*>  ><((((*>  ><((((*>  ><((((*>  ><((((*>  ><((((*>  >
 
 Cycle: 58 of 200
 Pop: 1000000 -> 996695
 Elapsed time:   0:03:07
 End time:       0:10:46
 Time to end:    0:07:38
 k-eff (analog):  0.51557 +/-  0.00054                                 
 ><((((*>  ><((((*>  ><((((*>  ><((((*>  ><((((*>  ><((((*>  ><((((*>  
 
 Cycle: 59 of 200
 Pop: 1000000 -> 997337
 Elapsed time:   0:03:10
 End time:       0:10:46
 Time to end:    0:07:35
 k-eff (analog):  0.51555 +/-  0.00053                                 
  ><((((*>  ><((((*>  ><((((*>  ><((((*>  ><((((*>  ><((((*>  ><((((*> 
 
 Cycle: 60 of 200
 Pop: 1000000 -> 997667
 Elapsed time:   0:03:14
 End time:       0:10:46
 Time to end:    0:07:32
 k-eff (analog):  0.51553 +/-  0.00052                                 
   ><((((*>  ><((((*>  ><((((*>  ><((((*>  ><((((*>  ><((((*>  ><((((*>
 
 Cycle: 61 of 200
 Pop: 1000000 -> 997438
 Elapsed time:   0:03:18
 End time:       0:10:50
 Time to end:    0:07:32
 k-eff (analog):  0.51551 +/-  0.00051                                 
 >  ><((((*>  ><((((*>  ><((((*>  ><((((*>  ><((((*>  ><((((*>  ><((((*
 
 Cycle: 62 of 200
 Pop: 1000000 -> 998666
 Elapsed time:   0:03:21
 End time:       0:10:50
 Time to end:    0:07:28
 k-eff (analog):  0.51550 +/-  0.00051                                 
 *>  ><((((*>  ><((((*>  ><((((*>  ><((((*>  ><((((*>  ><((((*>  ><((((
 
 Cycle: 63 of 200
 Pop: 1000000 -> 999076
 Elapsed time:   0:03:25
 End time:       0:10:50
 Time to end:    0:07:25
 k-eff (analog):  0.51549 +/-  0.00050                                 
 (*>  ><((((*>  ><((((*>  ><((((*>  ><((((*>  ><((((*>  ><((((*>  ><(((
 
 Cycle: 64 of 200
 Pop: 1000000 -> 997343
 Elapsed time:   0:03:28
 End time:       0:10:51
 Time to end:    0:07:22
 k-eff (analog):  0.51547 +/-  0.00049                                 
 ((*>  ><((((*>  ><((((*>  ><((((*>  ><((((*>  ><((((*>  ><((((*>  ><((
 
 Cycle: 65 of 200
 Pop: 1000000 -> 997592
 Elapsed time:   0:03:31
 End time:       0:10:51
 Time to end:    0:07:19
 k-eff (analog):  0.51545 +/-  0.00048                                 
 (((*>  ><((((*>  ><((((*>  ><((((*>  ><((((*>  ><((((*>  ><((((*>  ><(
 
 Cycle: 66 of 200
 Pop: 1000000 -> 996735
 Elapsed time:   0:03:34
 End time:       0:10:51
 Time to end:    0:07:16
 k-eff (analog):  0.51542 +/-  0.00048                                 
 ((((*>  ><((((*>  ><((((*>  ><((((*>  ><((((*>  ><((((*>  ><((((*>  ><
 
 Cycle: 67 of 200
 Pop: 1000000 -> 998365
 Elapsed time:   0:03:38
 End time:       0:10:51
 Time to end:    0:07:13
 k-eff (analog):  0.51541 +/-  0.00047                                 
 <((((*>  ><((((*>  ><((((*>  ><((((*>  ><((((*>  ><((((*>  ><((((*>  >
 
 Cycle: 68 of 200
 Pop: 1000000 -> 997229
 Elapsed time:   0:03:41
 End time:       0:10:51
 Time to end:    0:07:10
 k-eff (analog):  0.51539 +/-  0.00046                                 
 ><((((*>  ><((((*>  ><((((*>  ><((((*>  ><((((*>  ><((((*>  ><((((*>  
 
 Cycle: 69 of 200
 Pop: 1000000 -> 999868
 Elapsed time:   0:03:44
 End time:       0:10:51
 Time to end:    0:07:06
 k-eff (analog):  0.51539 +/-  0.00046                                 
  ><((((*>  ><((((*>  ><((((*>  ><((((*>  ><((((*>  ><((((*>  ><((((*> 
 
 Cycle: 70 of 200
 Pop: 1000000 -> 997954
 Elapsed time:   0:03:48
 End time:       0:10:52
 Time to end:    0:07:03
 k-eff (analog):  0.51538 +/-  0.00045                                 
   ><((((*>  ><((((*>  ><((((*>  ><((((*>  ><((((*>  ><((((*>  ><((((*>
 
 Cycle: 71 of 200
 Pop: 1000000 -> 997069
 Elapsed time:   0:03:52
 End time:       0:10:55
 Time to end:    0:07:02
 k-eff (analog):  0.51535 +/-  0.00044                                 
 >  ><((((*>  ><((((*>  ><((((*>  ><((((*>  ><((((*>  ><((((*>  ><((((*
 
 Cycle: 72 of 200
 Pop: 1000000 -> 997433
 Elapsed time:   0:03:55
 End time:       0:10:55
 Time to end:    0:06:59
 k-eff (analog):  0.51534 +/-  0.00044                                 
 *>  ><((((*>  ><((((*>  ><((((*>  ><((((*>  ><((((*>  ><((((*>  ><((((
 
 Cycle: 73 of 200
 Pop: 1000000 -> 997102
 Elapsed time:   0:03:59
 End time:       0:10:55
 Time to end:    0:06:56
 k-eff (analog):  0.51531 +/-  0.00043                                 
 (*>  ><((((*>  ><((((*>  ><((((*>  ><((((*>  ><((((*>  ><((((*>  ><(((
 
 Cycle: 74 of 200
 Pop: 1000000 -> 997434
 Elapsed time:   0:04:02
 End time:       0:10:55
 Time to end:    0:06:52
 k-eff (analog):  0.51530 +/-  0.00043                                 
 ((*>  ><((((*>  ><((((*>  ><((((*>  ><((((*>  ><((((*>  ><((((*>  ><((
 
 Cycle: 75 of 200
 Pop: 1000000 -> 997777
 Elapsed time:   0:04:05
 End time:       0:10:55
 Time to end:    0:06:49
 k-eff (analog):  0.51528 +/-  0.00042                                 
 (((*>  ><((((*>  ><((((*>  ><((((*>  ><((((*>  ><((((*>  ><((((*>  ><(
 
 Cycle: 76 of 200
 Pop: 1000000 -> 998917
 Elapsed time:   0:04:09
 End time:       0:10:55
 Time to end:    0:06:46
 k-eff (analog):  0.51527 +/-  0.00042                                 
 ((((*>  ><((((*>  ><((((*>  ><((((*>  ><((((*>  ><((((*>  ><((((*>  ><
 
 Cycle: 77 of 200
 Pop: 1000000 -> 998936
 Elapsed time:   0:04:12
 End time:       0:10:55
 Time to end:    0:06:43
 k-eff (analog):  0.51527 +/-  0.00041                                 
 <((((*>  ><((((*>  ><((((*>  ><((((*>  ><((((*>  ><((((*>  ><((((*>  >
 
 Cycle: 78 of 200
 Pop: 1000000 -> 997715
 Elapsed time:   0:04:15
 End time:       0:10:56
 Time to end:    0:06:40
 k-eff (analog):  0.51525 +/-  0.00041                                 
 ><((((*>  ><((((*>  ><((((*>  ><((((*>  ><((((*>  ><((((*>  ><((((*>  
 
 Cycle: 79 of 200
 Pop: 1000000 -> 999084
 Elapsed time:   0:04:19
 End time:       0:10:56
 Time to end:    0:06:36
 k-eff (analog):  0.51525 +/-  0.00040                                 
  ><((((*>  ><((((*>  ><((((*>  ><((((*>  ><((((*>  ><((((*>  ><((((*> 
 
 Cycle: 80 of 200
 Pop: 1000000 -> 998199
 Elapsed time:   0:04:22
 End time:       0:10:56
 Time to end:    0:06:33
 k-eff (analog):  0.51523 +/-  0.00040                                 
   ><((((*>  ><((((*>  ><((((*>  ><((((*>  ><((((*>  ><((((*>  ><((((*>
 
 Cycle: 81 of 200
 Pop: 1000000 -> 998480
 Elapsed time:   0:04:26
 End time:       0:10:58
 Time to end:    0:06:31
 k-eff (analog):  0.51522 +/-  0.00039                                 
 >  ><((((*>  ><((((*>  ><((((*>  ><((((*>  ><((((*>  ><((((*>  ><((((*
 
 Cycle: 82 of 200
 Pop: 1000000 -> 997241
 Elapsed time:   0:04:30
 End time:       0:10:58
 Time to end:    0:06:28
 k-eff (analog):  0.51521 +/-  0.00039                                 
 *>  ><((((*>  ><((((*>  ><((((*>  ><((((*>  ><((((*>  ><((((*>  ><((((
 
 Cycle: 83 of 200
 Pop: 1000000 -> 998908
 Elapsed time:   0:04:33
 End time:       0:10:58
 Time to end:    0:06:25
 k-eff (analog):  0.51520 +/-  0.00038                                 
 (*>  ><((((*>  ><((((*>  ><((((*>  ><((((*>  ><((((*>  ><((((*>  ><(((
 
 Cycle: 84 of 200
 Pop: 1000000 -> 999296
 Elapsed time:   0:04:36
 End time:       0:10:58
 Time to end:    0:06:22
 k-eff (analog):  0.51520 +/-  0.00038                                 
 ((*>  ><((((*>  ><((((*>  ><((((*>  ><((((*>  ><((((*>  ><((((*>  ><((
 
 Cycle: 85 of 200
 Pop: 1000000 -> 999860
 Elapsed time:   0:04:40
 End time:       0:10:58
 Time to end:    0:06:18
 k-eff (analog):  0.51520 +/-  0.00037                                 
 (((*>  ><((((*>  ><((((*>  ><((((*>  ><((((*>  ><((((*>  ><((((*>  ><(
 
 Cycle: 86 of 200
 Pop: 1000000 -> 996849
 Elapsed time:   0:04:43
 End time:       0:10:58
 Time to end:    0:06:15
 k-eff (analog):  0.51518 +/-  0.00037                                 
 ((((*>  ><((((*>  ><((((*>  ><((((*>  ><((((*>  ><((((*>  ><((((*>  ><
 
 Cycle: 87 of 200
 Pop: 1000000 -> 998452
 Elapsed time:   0:04:46
 End time:       0:10:58
 Time to end:    0:06:12
 k-eff (analog):  0.51517 +/-  0.00037                                 
 <((((*>  ><((((*>  ><((((*>  ><((((*>  ><((((*>  ><((((*>  ><((((*>  >
 
 Cycle: 88 of 200
 Pop: 1000000 -> 998929
 Elapsed time:   0:04:49
 End time:       0:10:59
 Time to end:    0:06:09
 k-eff (analog):  0.51516 +/-  0.00036                                 
 ><((((*>  ><((((*>  ><((((*>  ><((((*>  ><((((*>  ><((((*>  ><((((*>  
 
 Cycle: 89 of 200
 Pop: 1000000 -> 998170
 Elapsed time:   0:04:53
 End time:       0:10:59
 Time to end:    0:06:05
 k-eff (analog):  0.51515 +/-  0.00036                                 
  ><((((*>  ><((((*>  ><((((*>  ><((((*>  ><((((*>  ><((((*>  ><((((*> 
 
 Cycle: 90 of 200
 Pop: 1000000 -> 997101
 Elapsed time:   0:04:56
 End time:       0:10:59
 Time to end:    0:06:02
 k-eff (analog):  0.51513 +/-  0.00035                                 
   ><((((*>  ><((((*>  ><((((*>  ><((((*>  ><((((*>  ><((((*>  ><((((*>
 
 Cycle: 91 of 200
 Pop: 1000000 -> 996758
 Elapsed time:   0:05:00
 End time:       0:11:01
 Time to end:    0:06:00
 k-eff (analog):  0.51512 +/-  0.00035                                 
 >  ><((((*>  ><((((*>  ><((((*>  ><((((*>  ><((((*>  ><((((*>  ><((((*
 
 Cycle: 92 of 200
 Pop: 1000000 -> 997392
 Elapsed time:   0:05:04
 End time:       0:11:01
 Time to end:    0:05:57
 k-eff (analog):  0.51510 +/-  0.00035                                 
 *>  ><((((*>  ><((((*>  ><((((*>  ><((((*>  ><((((*>  ><((((*>  ><((((
 
 Cycle: 93 of 200
 Pop: 1000000 -> 999443
 Elapsed time:   0:05:07
 End time:       0:11:01
 Time to end:    0:05:53
 k-eff (analog):  0.51510 +/-  0.00034                                 
 (*>  ><((((*>  ><((((*>  ><((((*>  ><((((*>  ><((((*>  ><((((*>  ><(((
 
 Cycle: 94 of 200
 Pop: 1000000 -> 999718
 Elapsed time:   0:05:10
 End time:       0:11:01
 Time to end:    0:05:50
 k-eff (analog):  0.51510 +/-  0.00034                                 
 ((*>  ><((((*>  ><((((*>  ><((((*>  ><((((*>  ><((((*>  ><((((*>  ><((
 
 Cycle: 95 of 200
 Pop: 1000000 -> 998856
 Elapsed time:   0:05:14
 End time:       0:11:01
 Time to end:    0:05:47
 k-eff (analog):  0.51509 +/-  0.00034                                 
 (((*>  ><((((*>  ><((((*>  ><((((*>  ><((((*>  ><((((*>  ><((((*>  ><(
 
 Cycle: 96 of 200
 Pop: 1000000 -> 997850
 Elapsed time:   0:05:17
 End time:       0:11:01
 Time to end:    0:05:43
 k-eff (analog):  0.51508 +/-  0.00033                                 
 ((((*>  ><((((*>  ><((((*>  ><((((*>  ><((((*>  ><((((*>  ><((((*>  ><
 
 Cycle: 97 of 200
 Pop: 1000000 -> 998213
 Elapsed time:   0:05:20
 End time:       0:11:01
 Time to end:    0:05:40
 k-eff (analog):  0.51507 +/-  0.00033                                 
 <((((*>  ><((((*>  ><((((*>  ><((((*>  ><((((*>  ><((((*>  ><((((*>  >
 
 Cycle: 98 of 200
 Pop: 1000000 -> 998857
 Elapsed time:   0:05:24
 End time:       0:11:01
 Time to end:    0:05:37
 k-eff (analog):  0.51506 +/-  0.00033                                 
 ><((((*>  ><((((*>  ><((((*>  ><((((*>  ><((((*>  ><((((*>  ><((((*>  
 
 Cycle: 99 of 200
 Pop: 1000000 -> 1001940
 Elapsed time:   0:05:27
 End time:       0:11:01
 Time to end:    0:05:34
 k-eff (analog):  0.51507 +/-  0.00032                                 
  ><((((*>  ><((((*>  ><((((*>  ><((((*>  ><((((*>  ><((((*>  ><((((*> 
 
 Cycle: 100 of 200
 Pop: 1000000 -> 996623
 Elapsed time:   0:05:30
 End time:       0:11:01
 Time to end:    0:05:30
 k-eff (analog):  0.51506 +/-  0.00032                                 
   ><((((*>  ><((((*>  ><((((*>  ><((((*>  ><((((*>  ><((((*>  ><((((*>
 
 Cycle: 101 of 200
 Pop: 1000000 -> 996724
 Elapsed time:   0:05:35
 End time:       0:11:03
 Time to end:    0:05:28
 k-eff (analog):  0.51504 +/-  0.00032                                 
 >  ><((((*>  ><((((*>  ><((((*>  ><((((*>  ><((((*>  ><((((*>  ><((((*
 
 Cycle: 102 of 200
 Pop: 1000000 -> 999294
 Elapsed time:   0:05:38
 End time:       0:11:03
 Time to end:    0:05:25
 k-eff (analog):  0.51504 +/-  0.00031                                 
 *>  ><((((*>  ><((((*>  ><((((*>  ><((((*>  ><((((*>  ><((((*>  ><((((
 
 Cycle: 103 of 200
 Pop: 1000000 -> 998477
 Elapsed time:   0:05:41
 End time:       0:11:03
 Time to end:    0:05:21
 k-eff (analog):  0.51503 +/-  0.00031                                 
 (*>  ><((((*>  ><((((*>  ><((((*>  ><((((*>  ><((((*>  ><((((*>  ><(((
 
 Cycle: 104 of 200
 Pop: 1000000 -> 994623
 Elapsed time:   0:05:45
 End time:       0:11:03
 Time to end:    0:05:18
 k-eff (analog):  0.51500 +/-  0.00031                                 
 ((*>  ><((((*>  ><((((*>  ><((((*>  ><((((*>  ><((((*>  ><((((*>  ><((
 
 Cycle: 105 of 200
 Pop: 1000000 -> 997103
 Elapsed time:   0:05:48
 End time:       0:11:03
 Time to end:    0:05:15
 k-eff (analog):  0.51499 +/-  0.00031                                 
 (((*>  ><((((*>  ><((((*>  ><((((*>  ><((((*>  ><((((*>  ><((((*>  ><(
 
 Cycle: 106 of 200
 Pop: 1000000 -> 1000705
 Elapsed time:   0:05:51
 End time:       0:11:03
 Time to end:    0:05:11
 k-eff (analog):  0.51499 +/-  0.00030                                 
 ((((*>  ><((((*>  ><((((*>  ><((((*>  ><((((*>  ><((((*>  ><((((*>  ><
 
 Cycle: 107 of 200
 Pop: 1000000 -> 999020
 Elapsed time:   0:05:54
 End time:       0:11:03
 Time to end:    0:05:08
 k-eff (analog):  0.51499 +/-  0.00030                                 
 <((((*>  ><((((*>  ><((((*>  ><((((*>  ><((((*>  ><((((*>  ><((((*>  >
 
 Cycle: 108 of 200
 Pop: 1000000 -> 998377
 Elapsed time:   0:05:58
 End time:       0:11:03
 Time to end:    0:05:05
 k-eff (analog):  0.51498 +/-  0.00030                                 
 ><((((*>  ><((((*>  ><((((*>  ><((((*>  ><((((*>  ><((((*>  ><((((*>  
 
 Cycle: 109 of 200
 Pop: 1000000 -> 999166
 Elapsed time:   0:06:01
 End time:       0:11:03
 Time to end:    0:05:01
 k-eff (analog):  0.51497 +/-  0.00030                                 
  ><((((*>  ><((((*>  ><((((*>  ><((((*>  ><((((*>  ><((((*>  ><((((*> 
 
 Cycle: 110 of 200
 Pop: 1000000 -> 998294
 Elapsed time:   0:06:04
 End time:       0:11:03
 Time to end:    0:04:58
 k-eff (analog):  0.51497 +/-  0.00029                                 
   ><((((*>  ><((((*>  ><((((*>  ><((((*>  ><((((*>  ><((((*>  ><((((*>
 
 Cycle: 111 of 200
 Pop: 1000000 -> 1000110
 Elapsed time:   0:06:09
 End time:       0:11:05
 Time to end:    0:04:55
 k-eff (analog):  0.51497 +/-  0.00029                                 
 >  ><((((*>  ><((((*>  ><((((*>  ><((((*>  ><((((*>  ><((((*>  ><((((*
 
 Cycle: 112 of 200
 Pop: 1000000 -> 1000208
 Elapsed time:   0:06:12
 End time:       0:11:04
 Time to end:    0:04:52
 k-eff (analog):  0.51497 +/-  0.00029                                 
 *>  ><((((*>  ><((((*>  ><((((*>  ><((((*>  ><((((*>  ><((((*>  ><((((
 
 Cycle: 113 of 200
 Pop: 1000000 -> 997601
 Elapsed time:   0:06:15
 End time:       0:11:04
 Time to end:    0:04:49
 k-eff (analog):  0.51496 +/-  0.00029                                 
 (*>  ><((((*>  ><((((*>  ><((((*>  ><((((*>  ><((((*>  ><((((*>  ><(((
 
 Cycle: 114 of 200
 Pop: 1000000 -> 999758
 Elapsed time:   0:06:18
 End time:       0:11:04
 Time to end:    0:04:45
 k-eff (analog):  0.51496 +/-  0.00028                                 
 ((*>  ><((((*>  ><((((*>  ><((((*>  ><((((*>  ><((((*>  ><((((*>  ><((
 
 Cycle: 115 of 200
 Pop: 1000000 -> 999387
 Elapsed time:   0:06:22
 End time:       0:11:04
 Time to end:    0:04:42
 k-eff (analog):  0.51495 +/-  0.00028                                 
 (((*>  ><((((*>  ><((((*>  ><((((*>  ><((((*>  ><((((*>  ><((((*>  ><(
 
 Cycle: 116 of 200
 Pop: 1000000 -> 998297
 Elapsed time:   0:06:25
 End time:       0:11:04
 Time to end:    0:04:39
 k-eff (analog):  0.51495 +/-  0.00028                                 
 ((((*>  ><((((*>  ><((((*>  ><((((*>  ><((((*>  ><((((*>  ><((((*>  ><
 
 Cycle: 117 of 200
 Pop: 1000000 -> 997931
 Elapsed time:   0:06:28
 End time:       0:11:04
 Time to end:    0:04:35
 k-eff (analog):  0.51494 +/-  0.00028                                 
 <((((*>  ><((((*>  ><((((*>  ><((((*>  ><((((*>  ><((((*>  ><((((*>  >
 
 Cycle: 118 of 200
 Pop: 1000000 -> 999788
 Elapsed time:   0:06:32
 End time:       0:11:04
 Time to end:    0:04:32
 k-eff (analog):  0.51494 +/-  0.00027                                 
 ><((((*>  ><((((*>  ><((((*>  ><((((*>  ><((((*>  ><((((*>  ><((((*>  
 
 Cycle: 119 of 200
 Pop: 1000000 -> 998256
 Elapsed time:   0:06:35
 End time:       0:11:04
 Time to end:    0:04:29
 k-eff (analog):  0.51493 +/-  0.00027                                 
  ><((((*>  ><((((*>  ><((((*>  ><((((*>  ><((((*>  ><((((*>  ><((((*> 
 
 Cycle: 120 of 200
 Pop: 1000000 -> 999006
 Elapsed time:   0:06:38
 End time:       0:11:04
 Time to end:    0:04:25
 k-eff (analog):  0.51492 +/-  0.00027                                 
   ><((((*>  ><((((*>  ><((((*>  ><((((*>  ><((((*>  ><((((*>  ><((((*>
 
 Cycle: 121 of 200
 Pop: 1000000 -> 999192
 Elapsed time:   0:06:42
 End time:       0:11:06
 Time to end:    0:04:23
 k-eff (analog):  0.51492 +/-  0.00027                                 
 >  ><((((*>  ><((((*>  ><((((*>  ><((((*>  ><((((*>  ><((((*>  ><((((*
 
 Cycle: 122 of 200
 Pop: 1000000 -> 998248
 Elapsed time:   0:06:46
 End time:       0:11:06
 Time to end:    0:04:19
 k-eff (analog):  0.51491 +/-  0.00026                                 
 *>  ><((((*>  ><((((*>  ><((((*>  ><((((*>  ><((((*>  ><((((*>  ><((((
 
 Cycle: 123 of 200
 Pop: 1000000 -> 997288
 Elapsed time:   0:06:49
 End time:       0:11:06
 Time to end:    0:04:16
 k-eff (analog):  0.51490 +/-  0.00026                                 
 (*>  ><((((*>  ><((((*>  ><((((*>  ><((((*>  ><((((*>  ><((((*>  ><(((
 
 Cycle: 124 of 200
 Pop: 1000000 -> 996573
 Elapsed time:   0:06:52
 End time:       0:11:06
 Time to end:    0:04:13
 k-eff (analog):  0.51489 +/-  0.00026                                 
 ((*>  ><((((*>  ><((((*>  ><((((*>  ><((((*>  ><((((*>  ><((((*>  ><((
 
 Cycle: 125 of 200
 Pop: 1000000 -> 998983
 Elapsed time:   0:06:56
 End time:       0:11:05
 Time to end:    0:04:09
 k-eff (analog):  0.51488 +/-  0.00026                                 
 (((*>  ><((((*>  ><((((*>  ><((((*>  ><((((*>  ><((((*>  ><((((*>  ><(
 
 Cycle: 126 of 200
 Pop: 1000000 -> 999935
 Elapsed time:   0:06:59
 End time:       0:11:05
 Time to end:    0:04:06
 k-eff (analog):  0.51488 +/-  0.00026                                 
 ((((*>  ><((((*>  ><((((*>  ><((((*>  ><((((*>  ><((((*>  ><((((*>  ><
 
 Cycle: 127 of 200
 Pop: 1000000 -> 1001310
 Elapsed time:   0:07:02
 End time:       0:11:05
 Time to end:    0:04:02
 k-eff (analog):  0.51489 +/-  0.00026                                 
 <((((*>  ><((((*>  ><((((*>  ><((((*>  ><((((*>  ><((((*>  ><((((*>  >
 
 Cycle: 128 of 200
 Pop: 1000000 -> 998528
 Elapsed time:   0:07:06
 End time:       0:11:05
 Time to end:    0:03:59
 k-eff (analog):  0.51488 +/-  0.00025                                 
 ><((((*>  ><((((*>  ><((((*>  ><((((*>  ><((((*>  ><((((*>  ><((((*>  
 
 Cycle: 129 of 200
 Pop: 1000000 -> 996684
 Elapsed time:   0:07:09
 End time:       0:11:05
 Time to end:    0:03:56
 k-eff (analog):  0.51487 +/-  0.00025                                 
  ><((((*>  ><((((*>  ><((((*>  ><((((*>  ><((((*>  ><((((*>  ><((((*> 
 
 Cycle: 130 of 200
 Pop: 1000000 -> 998397
 Elapsed time:   0:07:12
 End time:       0:11:05
 Time to end:    0:03:52
 k-eff (analog):  0.51486 +/-  0.00025                                 
   ><((((*>  ><((((*>  ><((((*>  ><((((*>  ><((((*>  ><((((*>  ><((((*>
 
 Cycle: 131 of 200
 Pop: 1000000 -> 998829
 Elapsed time:   0:07:17
 End time:       0:11:07
 Time to end:    0:03:50
 k-eff (analog):  0.51486 +/-  0.00025                                 
 >  ><((((*>  ><((((*>  ><((((*>  ><((((*>  ><((((*>  ><((((*>  ><((((*
 
 Cycle: 132 of 200
 Pop: 1000000 -> 999286
 Elapsed time:   0:07:20
 End time:       0:11:07
 Time to end:    0:03:46
 k-eff (analog):  0.51486 +/-  0.00025                                 
 *>  ><((((*>  ><((((*>  ><((((*>  ><((((*>  ><((((*>  ><((((*>  ><((((
 
 Cycle: 133 of 200
 Pop: 1000000 -> 1000327
 Elapsed time:   0:07:23
 End time:       0:11:06
 Time to end:    0:03:43
 k-eff (analog):  0.51486 +/-  0.00024                                 
 (*>  ><((((*>  ><((((*>  ><((((*>  ><((((*>  ><((((*>  ><((((*>  ><(((
 
 Cycle: 134 of 200
 Pop: 1000000 -> 1000935
 Elapsed time:   0:07:26
 End time:       0:11:06
 Time to end:    0:03:40
 k-eff (analog):  0.51486 +/-  0.00024                                 
 ((*>  ><((((*>  ><((((*>  ><((((*>  ><((((*>  ><((((*>  ><((((*>  ><((
 
 Cycle: 135 of 200
 Pop: 1000000 -> 998117
 Elapsed time:   0:07:30
 End time:       0:11:06
 Time to end:    0:03:36
 k-eff (analog):  0.51485 +/-  0.00024                                 
 (((*>  ><((((*>  ><((((*>  ><((((*>  ><((((*>  ><((((*>  ><((((*>  ><(
 
 Cycle: 136 of 200
 Pop: 1000000 -> 1000272
 Elapsed time:   0:07:33
 End time:       0:11:06
 Time to end:    0:03:33
 k-eff (analog):  0.51485 +/-  0.00024                                 
 ((((*>  ><((((*>  ><((((*>  ><((((*>  ><((((*>  ><((((*>  ><((((*>  ><
 
 Cycle: 137 of 200
 Pop: 1000000 -> 998529
 Elapsed time:   0:07:36
 End time:       0:11:06
 Time to end:    0:03:29
 k-eff (analog):  0.51485 +/-  0.00024                                 
 <((((*>  ><((((*>  ><((((*>  ><((((*>  ><((((*>  ><((((*>  ><((((*>  >
 
 Cycle: 138 of 200
 Pop: 1000000 -> 999811
 Elapsed time:   0:07:39
 End time:       0:11:06
 Time to end:    0:03:26
 k-eff (analog):  0.51485 +/-  0.00024                                 
 ><((((*>  ><((((*>  ><((((*>  ><((((*>  ><((((*>  ><((((*>  ><((((*>  
 
 Cycle: 139 of 200
 Pop: 1000000 -> 998135
 Elapsed time:   0:07:43
 End time:       0:11:06
 Time to end:    0:03:23
 k-eff (analog):  0.51484 +/-  0.00023                                 
  ><((((*>  ><((((*>  ><((((*>  ><((((*>  ><((((*>  ><((((*>  ><((((*> 
 
 Cycle: 140 of 200
 Pop: 1000000 -> 996594
 Elapsed time:   0:07:46
 End time:       0:11:06
 Time to end:    0:03:19
 k-eff (analog):  0.51483 +/-  0.00023                                 
   ><((((*>  ><((((*>  ><((((*>  ><((((*>  ><((((*>  ><((((*>  ><((((*>
 
 Cycle: 141 of 200
 Pop: 1000000 -> 997362
 Elapsed time:   0:07:50
 End time:       0:11:07
 Time to end:    0:03:17
 k-eff (analog):  0.51482 +/-  0.00023                                 
 >  ><((((*>  ><((((*>  ><((((*>  ><((((*>  ><((((*>  ><((((*>  ><((((*
 
 Cycle: 142 of 200
 Pop: 1000000 -> 1000332
 Elapsed time:   0:07:53
 End time:       0:11:07
 Time to end:    0:03:13
 k-eff (analog):  0.51482 +/-  0.00023                                 
 *>  ><((((*>  ><((((*>  ><((((*>  ><((((*>  ><((((*>  ><((((*>  ><((((
 
 Cycle: 143 of 200
 Pop: 1000000 -> 999388
 Elapsed time:   0:07:57
 End time:       0:11:07
 Time to end:    0:03:10
 k-eff (analog):  0.51482 +/-  0.00023                                 
 (*>  ><((((*>  ><((((*>  ><((((*>  ><((((*>  ><((((*>  ><((((*>  ><(((
 
 Cycle: 144 of 200
 Pop: 1000000 -> 998212
 Elapsed time:   0:08:00
 End time:       0:11:07
 Time to end:    0:03:06
 k-eff (analog):  0.51481 +/-  0.00023                                 
 ((*>  ><((((*>  ><((((*>  ><((((*>  ><((((*>  ><((((*>  ><((((*>  ><((
 
 Cycle: 145 of 200
 Pop: 1000000 -> 998888
 Elapsed time:   0:08:03
 End time:       0:11:07
 Time to end:    0:03:03
 k-eff (analog):  0.51481 +/-  0.00022                                 
 (((*>  ><((((*>  ><((((*>  ><((((*>  ><((((*>  ><((((*>  ><((((*>  ><(
 
 Cycle: 146 of 200
 Pop: 1000000 -> 999934
 Elapsed time:   0:08:07
 End time:       0:11:07
 Time to end:    0:03:00
 k-eff (analog):  0.51481 +/-  0.00022                                 
 ((((*>  ><((((*>  ><((((*>  ><((((*>  ><((((*>  ><((((*>  ><((((*>  ><
 
 Cycle: 147 of 200
 Pop: 1000000 -> 998958
 Elapsed time:   0:08:10
 End time:       0:11:07
 Time to end:    0:02:56
 k-eff (analog):  0.51480 +/-  0.00022                                 
 <((((*>  ><((((*>  ><((((*>  ><((((*>  ><((((*>  ><((((*>  ><((((*>  >
 
 Cycle: 148 of 200
 Pop: 1000000 -> 1000213
 Elapsed time:   0:08:13
 End time:       0:11:07
 Time to end:    0:02:53
 k-eff (analog):  0.51480 +/-  0.00022                                 
 ><((((*>  ><((((*>  ><((((*>  ><((((*>  ><((((*>  ><((((*>  ><((((*>  
 
 Cycle: 149 of 200
 Pop: 1000000 -> 1000689
 Elapsed time:   0:08:16
 End time:       0:11:06
 Time to end:    0:02:50
 k-eff (analog):  0.51481 +/-  0.00022                                 
  ><((((*>  ><((((*>  ><((((*>  ><((((*>  ><((((*>  ><((((*>  ><((((*> 
 
 Cycle: 150 of 200
 Pop: 1000000 -> 998948
 Elapsed time:   0:08:20
 End time:       0:11:06
 Time to end:    0:02:46
 k-eff (analog):  0.51480 +/-  0.00022                                 
   ><((((*>  ><((((*>  ><((((*>  ><((((*>  ><((((*>  ><((((*>  ><((((*>
 
 Cycle: 151 of 200
 Pop: 1000000 -> 999153
 Elapsed time:   0:08:24
 End time:       0:11:08
 Time to end:    0:02:43
 k-eff (analog):  0.51480 +/-  0.00022                                 
 >  ><((((*>  ><((((*>  ><((((*>  ><((((*>  ><((((*>  ><((((*>  ><((((*
 
 Cycle: 152 of 200
 Pop: 1000000 -> 998250
 Elapsed time:   0:08:27
 End time:       0:11:08
 Time to end:    0:02:40
 k-eff (analog):  0.51479 +/-  0.00021                                 
 *>  ><((((*>  ><((((*>  ><((((*>  ><((((*>  ><((((*>  ><((((*>  ><((((
 
 Cycle: 153 of 200
 Pop: 1000000 -> 997613
 Elapsed time:   0:08:31
 End time:       0:11:08
 Time to end:    0:02:37
 k-eff (analog):  0.51479 +/-  0.00021                                 
 (*>  ><((((*>  ><((((*>  ><((((*>  ><((((*>  ><((((*>  ><((((*>  ><(((
 
 Cycle: 154 of 200
 Pop: 1000000 -> 1000463
 Elapsed time:   0:08:34
 End time:       0:11:07
 Time to end:    0:02:33
 k-eff (analog):  0.51479 +/-  0.00021                                 
 ((*>  ><((((*>  ><((((*>  ><((((*>  ><((((*>  ><((((*>  ><((((*>  ><((
 
 Cycle: 155 of 200
 Pop: 1000000 -> 999046
 Elapsed time:   0:08:37
 End time:       0:11:07
 Time to end:    0:02:30
 k-eff (analog):  0.51478 +/-  0.00021                                 
 (((*>  ><((((*>  ><((((*>  ><((((*>  ><((((*>  ><((((*>  ><((((*>  ><(
 
 Cycle: 156 of 200
 Pop: 1000000 -> 999611
 Elapsed time:   0:08:40
 End time:       0:11:07
 Time to end:    0:02:26
 k-eff (analog):  0.51478 +/-  0.00021                                 
 ((((*>  ><((((*>  ><((((*>  ><((((*>  ><((((*>  ><((((*>  ><((((*>  ><
 
 Cycle: 157 of 200
 Pop: 1000000 -> 1000942
 Elapsed time:   0:08:44
 End time:       0:11:07
 Time to end:    0:02:23
 k-eff (analog):  0.51479 +/-  0.00021                                 
 <((((*>  ><((((*>  ><((((*>  ><((((*>  ><((((*>  ><((((*>  ><((((*>  >
 
 Cycle: 158 of 200
 Pop: 1000000 -> 998898
 Elapsed time:   0:08:47
 End time:       0:11:07
 Time to end:    0:02:20
 k-eff (analog):  0.51478 +/-  0.00021                                 
 ><((((*>  ><((((*>  ><((((*>  ><((((*>  ><((((*>  ><((((*>  ><((((*>  
 
 Cycle: 159 of 200
 Pop: 1000000 -> 998995
 Elapsed time:   0:08:50
 End time:       0:11:07
 Time to end:    0:02:16
 k-eff (analog):  0.51478 +/-  0.00021                                 
  ><((((*>  ><((((*>  ><((((*>  ><((((*>  ><((((*>  ><((((*>  ><((((*> 
 
 Cycle: 160 of 200
 Pop: 1000000 -> 998082
 Elapsed time:   0:08:53
 End time:       0:11:07
 Time to end:    0:02:13
 k-eff (analog):  0.51477 +/-  0.00020                                 
   ><((((*>  ><((((*>  ><((((*>  ><((((*>  ><((((*>  ><((((*>  ><((((*>
 
 Cycle: 161 of 200
 Pop: 1000000 -> 998764
 Elapsed time:   0:08:58
 End time:       0:11:08
 Time to end:    0:02:10
 k-eff (analog):  0.51477 +/-  0.00020                                 
 >  ><((((*>  ><((((*>  ><((((*>  ><((((*>  ><((((*>  ><((((*>  ><((((*
 
 Cycle: 162 of 200
 Pop: 1000000 -> 997284
 Elapsed time:   0:09:01
 End time:       0:11:08
 Time to end:    0:02:07
 k-eff (analog):  0.51476 +/-  0.00020                                 
 *>  ><((((*>  ><((((*>  ><((((*>  ><((((*>  ><((((*>  ><((((*>  ><((((
 
 Cycle: 163 of 200
 Pop: 1000000 -> 999941
 Elapsed time:   0:09:04
 End time:       0:11:08
 Time to end:    0:02:03
 k-eff (analog):  0.51476 +/-  0.00020                                 
 (*>  ><((((*>  ><((((*>  ><((((*>  ><((((*>  ><((((*>  ><((((*>  ><(((
 
 Cycle: 164 of 200
 Pop: 1000000 -> 1000217
 Elapsed time:   0:09:08
 End time:       0:11:08
 Time to end:    0:02:00
 k-eff (analog):  0.51476 +/-  0.00020                                 
 ((*>  ><((((*>  ><((((*>  ><((((*>  ><((((*>  ><((((*>  ><((((*>  ><((
 
 Cycle: 165 of 200
 Pop: 1000000 -> 998628
 Elapsed time:   0:09:11
 End time:       0:11:08
 Time to end:    0:01:56
 k-eff (analog):  0.51476 +/-  0.00020                                 
 (((*>  ><((((*>  ><((((*>  ><((((*>  ><((((*>  ><((((*>  ><((((*>  ><(
 
 Cycle: 166 of 200
 Pop: 1000000 -> 998358
 Elapsed time:   0:09:14
 End time:       0:11:08
 Time to end:    0:01:53
 k-eff (analog):  0.51475 +/-  0.00020                                 
 ((((*>  ><((((*>  ><((((*>  ><((((*>  ><((((*>  ><((((*>  ><((((*>  ><
 
 Cycle: 167 of 200
 Pop: 1000000 -> 998693
 Elapsed time:   0:09:18
 End time:       0:11:08
 Time to end:    0:01:50
 k-eff (analog):  0.51475 +/-  0.00020                                 
 <((((*>  ><((((*>  ><((((*>  ><((((*>  ><((((*>  ><((((*>  ><((((*>  >
 
 Cycle: 168 of 200
 Pop: 1000000 -> 998498
 Elapsed time:   0:09:21
 End time:       0:11:08
 Time to end:    0:01:46
 k-eff (analog):  0.51474 +/-  0.00019                                 
 ><((((*>  ><((((*>  ><((((*>  ><((((*>  ><((((*>  ><((((*>  ><((((*>  
 
 Cycle: 169 of 200
 Pop: 1000000 -> 999997
 Elapsed time:   0:09:24
 End time:       0:11:08
 Time to end:    0:01:43
 k-eff (analog):  0.51474 +/-  0.00019                                 
  ><((((*>  ><((((*>  ><((((*>  ><((((*>  ><((((*>  ><((((*>  ><((((*> 
 
 Cycle: 170 of 200
 Pop: 1000000 -> 999551
 Elapsed time:   0:09:27
 End time:       0:11:08
 Time to end:    0:01:40
 k-eff (analog):  0.51474 +/-  0.00019                                 
   ><((((*>  ><((((*>  ><((((*>  ><((((*>  ><((((*>  ><((((*>  ><((((*>
 
 Cycle: 171 of 200
 Pop: 1000000 -> 999190
 Elapsed time:   0:09:32
 End time:       0:11:09
 Time to end:    0:01:37
 k-eff (analog):  0.51474 +/-  0.00019                                 
 >  ><((((*>  ><((((*>  ><((((*>  ><((((*>  ><((((*>  ><((((*>  ><((((*
 
 Cycle: 172 of 200
 Pop: 1000000 -> 998815
 Elapsed time:   0:09:35
 End time:       0:11:09
 Time to end:    0:01:33
 k-eff (analog):  0.51474 +/-  0.00019                                 
 *>  ><((((*>  ><((((*>  ><((((*>  ><((((*>  ><((((*>  ><((((*>  ><((((
 
 Cycle: 173 of 200
 Pop: 1000000 -> 999224
 Elapsed time:   0:09:38
 End time:       0:11:09
 Time to end:    0:01:30
 k-eff (analog):  0.51473 +/-  0.00019                                 
 (*>  ><((((*>  ><((((*>  ><((((*>  ><((((*>  ><((((*>  ><((((*>  ><(((
 
 Cycle: 174 of 200
 Pop: 1000000 -> 999557
 Elapsed time:   0:09:42
 End time:       0:11:09
 Time to end:    0:01:26
 k-eff (analog):  0.51473 +/-  0.00019                                 
 ((*>  ><((((*>  ><((((*>  ><((((*>  ><((((*>  ><((((*>  ><((((*>  ><((
 
 Cycle: 175 of 200
 Pop: 1000000 -> 998089
 Elapsed time:   0:09:45
 End time:       0:11:09
 Time to end:    0:01:23
 k-eff (analog):  0.51473 +/-  0.00019                                 
 (((*>  ><((((*>  ><((((*>  ><((((*>  ><((((*>  ><((((*>  ><((((*>  ><(
 
 Cycle: 176 of 200
 Pop: 1000000 -> 999757
 Elapsed time:   0:09:48
 End time:       0:11:09
 Time to end:    0:01:20
 k-eff (analog):  0.51473 +/-  0.00019                                 
 ((((*>  ><((((*>  ><((((*>  ><((((*>  ><((((*>  ><((((*>  ><((((*>  ><
 
 Cycle: 177 of 200
 Pop: 1000000 -> 1001660
 Elapsed time:   0:09:52
 End time:       0:11:08
 Time to end:    0:01:16
 k-eff (analog):  0.51473 +/-  0.00019                                 
 <((((*>  ><((((*>  ><((((*>  ><((((*>  ><((((*>  ><((((*>  ><((((*>  >
 
 Cycle: 178 of 200
 Pop: 1000000 -> 999758
 Elapsed time:   0:09:55
 End time:       0:11:08
 Time to end:    0:01:13
 k-eff (analog):  0.51473 +/-  0.00018                                 
 ><((((*>  ><((((*>  ><((((*>  ><((((*>  ><((((*>  ><((((*>  ><((((*>  
 
 Cycle: 179 of 200
 Pop: 1000000 -> 998838
 Elapsed time:   0:09:58
 End time:       0:11:08
 Time to end:    0:01:10
 k-eff (analog):  0.51473 +/-  0.00018                                 
  ><((((*>  ><((((*>  ><((((*>  ><((((*>  ><((((*>  ><((((*>  ><((((*> 
 
 Cycle: 180 of 200
 Pop: 1000000 -> 999676
 Elapsed time:   0:10:01
 End time:       0:11:08
 Time to end:    0:01:06
 k-eff (analog):  0.51473 +/-  0.00018                                 
   ><((((*>  ><((((*>  ><((((*>  ><((((*>  ><((((*>  ><((((*>  ><((((*>
 
 Cycle: 181 of 200
 Pop: 1000000 -> 1000152
 Elapsed time:   0:10:06
 End time:       0:11:09
 Time to end:    0:01:03
 k-eff (analog):  0.51473 +/-  0.00018                                 
 >  ><((((*>  ><((((*>  ><((((*>  ><((((*>  ><((((*>  ><((((*>  ><((((*
 
 Cycle: 182 of 200
 Pop: 1000000 -> 997010
 Elapsed time:   0:10:09
 End time:       0:11:09
 Time to end:    0:01:00
 k-eff (analog):  0.51472 +/-  0.00018                                 
 *>  ><((((*>  ><((((*>  ><((((*>  ><((((*>  ><((((*>  ><((((*>  ><((((
 
 Cycle: 183 of 200
 Pop: 1000000 -> 999375
 Elapsed time:   0:10:12
 End time:       0:11:09
 Time to end:    0:00:56
 k-eff (analog):  0.51472 +/-  0.00018                                 
 (*>  ><((((*>  ><((((*>  ><((((*>  ><((((*>  ><((((*>  ><((((*>  ><(((
 
 Cycle: 184 of 200
 Pop: 1000000 -> 999351
 Elapsed time:   0:10:16
 End time:       0:11:09
 Time to end:    0:00:53
 k-eff (analog):  0.51471 +/-  0.00018                                 
 ((*>  ><((((*>  ><((((*>  ><((((*>  ><((((*>  ><((((*>  ><((((*>  ><((
 
 Cycle: 185 of 200
 Pop: 1000000 -> 1000705
 Elapsed time:   0:10:19
 End time:       0:11:09
 Time to end:    0:00:50
 k-eff (analog):  0.51472 +/-  0.00018                                 
 (((*>  ><((((*>  ><((((*>  ><((((*>  ><((((*>  ><((((*>  ><((((*>  ><(
 
 Cycle: 186 of 200
 Pop: 1000000 -> 1000633
 Elapsed time:   0:10:22
 End time:       0:11:09
 Time to end:    0:00:46
 k-eff (analog):  0.51472 +/-  0.00018                                 
 ((((*>  ><((((*>  ><((((*>  ><((((*>  ><((((*>  ><((((*>  ><((((*>  ><
 
 Cycle: 187 of 200
 Pop: 1000000 -> 998536
 Elapsed time:   0:10:25
 End time:       0:11:09
 Time to end:    0:00:43
 k-eff (analog):  0.51471 +/-  0.00018                                 
 <((((*>  ><((((*>  ><((((*>  ><((((*>  ><((((*>  ><((((*>  ><((((*>  >
 
 Cycle: 188 of 200
 Pop: 1000000 -> 996001
 Elapsed time:   0:10:29
 End time:       0:11:09
 Time to end:    0:00:40
 k-eff (analog):  0.51470 +/-  0.00017                                 
 ><((((*>  ><((((*>  ><((((*>  ><((((*>  ><((((*>  ><((((*>  ><((((*>  
 
 Cycle: 189 of 200
 Pop: 1000000 -> 999066
 Elapsed time:   0:10:32
 End time:       0:11:09
 Time to end:    0:00:36
 k-eff (analog):  0.51470 +/-  0.00017                                 
  ><((((*>  ><((((*>  ><((((*>  ><((((*>  ><((((*>  ><((((*>  ><((((*> 
 
 Cycle: 190 of 200
 Pop: 1000000 -> 998904
 Elapsed time:   0:10:35
 End time:       0:11:09
 Time to end:    0:00:33
 k-eff (analog):  0.51470 +/-  0.00017                                 
   ><((((*>  ><((((*>  ><((((*>  ><((((*>  ><((((*>  ><((((*>  ><((((*>
 
 Cycle: 191 of 200
 Pop: 1000000 -> 998741
 Elapsed time:   0:10:40
 End time:       0:11:10
 Time to end:    0:00:30
 k-eff (analog):  0.51469 +/-  0.00017                                 
 >  ><((((*>  ><((((*>  ><((((*>  ><((((*>  ><((((*>  ><((((*>  ><((((*
 
 Cycle: 192 of 200
 Pop: 1000000 -> 996681
 Elapsed time:   0:10:43
 End time:       0:11:10
 Time to end:    0:00:26
 k-eff (analog):  0.51469 +/-  0.00017                                 
 *>  ><((((*>  ><((((*>  ><((((*>  ><((((*>  ><((((*>  ><((((*>  ><((((
 
 Cycle: 193 of 200
 Pop: 1000000 -> 997150
 Elapsed time:   0:10:46
 End time:       0:11:10
 Time to end:    0:00:23
 k-eff (analog):  0.51468 +/-  0.00017                                 
 (*>  ><((((*>  ><((((*>  ><((((*>  ><((((*>  ><((((*>  ><((((*>  ><(((
 
 Cycle: 194 of 200
 Pop: 1000000 -> 998530
 Elapsed time:   0:10:50
 End time:       0:11:10
 Time to end:    0:00:20
 k-eff (analog):  0.51467 +/-  0.00017                                 
 ((*>  ><((((*>  ><((((*>  ><((((*>  ><((((*>  ><((((*>  ><((((*>  ><((
 
 Cycle: 195 of 200
 Pop: 1000000 -> 998516
 Elapsed time:   0:10:53
 End time:       0:11:10
 Time to end:    0:00:16
 k-eff (analog):  0.51467 +/-  0.00017                                 
 (((*>  ><((((*>  ><((((*>  ><((((*>  ><((((*>  ><((((*>  ><((((*>  ><(
 
 Cycle: 196 of 200
 Pop: 1000000 -> 1000954
 Elapsed time:   0:10:56
 End time:       0:11:09
 Time to end:    0:00:13
 k-eff (analog):  0.51467 +/-  0.00017                                 
 ((((*>  ><((((*>  ><((((*>  ><((((*>  ><((((*>  ><((((*>  ><((((*>  ><
 
 Cycle: 197 of 200
 Pop: 1000000 -> 1000467
 Elapsed time:   0:10:59
 End time:       0:11:09
 Time to end:    0:00:10
 k-eff (analog):  0.51467 +/-  0.00017                                 
 <((((*>  ><((((*>  ><((((*>  ><((((*>  ><((((*>  ><((((*>  ><((((*>  >
 
 Cycle: 198 of 200
 Pop: 1000000 -> 997686
 Elapsed time:   0:11:03
 End time:       0:11:09
 Time to end:    0:00:06
 k-eff (analog):  0.51467 +/-  0.00017                                 
 ><((((*>  ><((((*>  ><((((*>  ><((((*>  ><((((*>  ><((((*>  ><((((*>  
 
 Cycle: 199 of 200
 Pop: 1000000 -> 998925
 Elapsed time:   0:11:06
 End time:       0:11:09
 Time to end:    0:00:03
 k-eff (analog):  0.51466 +/-  0.00017                                 
  ><((((*>  ><((((*>  ><((((*>  ><((((*>  ><((((*>  ><((((*>  ><((((*> 
 
 Cycle: 200 of 200
 Pop: 1000000 -> 1000936
 Elapsed time:   0:11:09
 End time:       0:11:09
 Time to end:    0:00:00
 k-eff (analog):  0.51467 +/-  0.00017                                 
   ><((((*>  ><((((*>  ><((((*>  ><((((*>  ><((((*>  ><((((*>  ><((((*>
 
 Cycle: 1 of 200
 Pop: 1000000 -> 997740
 Elapsed time:   0:00:03
 End time:       0:11:09
 Time to end:    0:11:06
 k-eff (implicit):  0.51400 +/-  0.00000                               
 >  ><((((*>  ><((((*>  ><((((*>  ><((((*>  ><((((*>  ><((((*>  ><((((*
 
 Cycle: 2 of 200
 Pop: 1000000 -> 1002649
 Elapsed time:   0:00:06
 End time:       0:10:56
 Time to end:    0:10:50
 k-eff (implicit):  0.51440 +/-  0.00039                               
 *>  ><((((*>  ><((((*>  ><((((*>  ><((((*>  ><((((*>  ><((((*>  ><((((
 
 Cycle: 3 of 200
 Pop: 1000000 -> 1000768
 Elapsed time:   0:00:09
 End time:       0:10:51
 Time to end:    0:10:42
 k-eff (implicit):  0.51472 +/-  0.00040                               
 (*>  ><((((*>  ><((((*>  ><((((*>  ><((((*>  ><((((*>  ><((((*>  ><(((
 
 Cycle: 4 of 200
 Pop: 1000000 -> 1002133
 Elapsed time:   0:00:12
 End time:       0:10:49
 Time to end:    0:10:36
 k-eff (implicit):  0.51462 +/-  0.00030                               
 ((*>  ><((((*>  ><((((*>  ><((((*>  ><((((*>  ><((((*>  ><((((*>  ><((
 
 Cycle: 5 of 200
 Pop: 1000000 -> 999900
 Elapsed time:   0:00:16
 End time:       0:10:53
 Time to end:    0:10:36
 k-eff (implicit):  0.51460 +/-  0.00023                               
 (((*>  ><((((*>  ><((((*>  ><((((*>  ><((((*>  ><((((*>  ><((((*>  ><(
 
 Cycle: 6 of 200
 Pop: 1000000 -> 999249
 Elapsed time:   0:00:19
 End time:       0:10:56
 Time to end:    0:10:36
 k-eff (implicit):  0.51454 +/-  0.00020                               
 ((((*>  ><((((*>  ><((((*>  ><((((*>  ><((((*>  ><((((*>  ><((((*>  ><
 
 Cycle: 7 of 200
 Pop: 1000000 -> 998115
 Elapsed time:   0:00:23
 End time:       0:10:58
 Time to end:    0:10:35
 k-eff (implicit):  0.51436 +/-  0.00024                               
 <((((*>  ><((((*>  ><((((*>  ><((((*>  ><((((*>  ><((((*>  ><((((*>  >
 
 Cycle: 8 of 200
 Pop: 1000000 -> 1000396
 Elapsed time:   0:00:26
 End time:       0:10:57
 Time to end:    0:10:30
 k-eff (implicit):  0.51435 +/-  0.00021                               
 ><((((*>  ><((((*>  ><((((*>  ><((((*>  ><((((*>  ><((((*>  ><((((*>  
 
 Cycle: 9 of 200
 Pop: 1000000 -> 998222
 Elapsed time:   0:00:29
 End time:       0:10:59
 Time to end:    0:10:30
 k-eff (implicit):  0.51433 +/-  0.00019                               
  ><((((*>  ><((((*>  ><((((*>  ><((((*>  ><((((*>  ><((((*>  ><((((*> 
 
 Cycle: 10 of 200
 Pop: 1000000 -> 1001004
 Elapsed time:   0:00:32
 End time:       0:10:58
 Time to end:    0:10:25
 k-eff (implicit):  0.51438 +/-  0.00017                               
   ><((((*>  ><((((*>  ><((((*>  ><((((*>  ><((((*>  ><((((*>  ><((((*>
 
 Cycle: 11 of 200
 Pop: 1000000 -> 1000966
 Elapsed time:   0:00:36
 End time:       0:10:57
 Time to end:    0:10:21
 k-eff (implicit):  0.51444 +/-  0.00017                               
 >  ><((((*>  ><((((*>  ><((((*>  ><((((*>  ><((((*>  ><((((*>  ><((((*
 
 Cycle: 12 of 200
 Pop: 1000000 -> 1000532
 Elapsed time:   0:00:39
 End time:       0:10:56
 Time to end:    0:10:16
 k-eff (implicit):  0.51445 +/-  0.00016                               
 *>  ><((((*>  ><((((*>  ><((((*>  ><((((*>  ><((((*>  ><((((*>  ><((((
 
 Cycle: 13 of 200
 Pop: 1000000 -> 1001149
 Elapsed time:   0:00:42
 End time:       0:10:55
 Time to end:    0:10:13
 k-eff (implicit):  0.51440 +/-  0.00015                               
 (*>  ><((((*>  ><((((*>  ><((((*>  ><((((*>  ><((((*>  ><((((*>  ><(((
 
 Cycle: 14 of 200
 Pop: 1000000 -> 998918
 Elapsed time:   0:00:45
 End time:       0:10:56
 Time to end:    0:10:10
 k-eff (implicit):  0.51437 +/-  0.00014                               
 ((*>  ><((((*>  ><((((*>  ><((((*>  ><((((*>  ><((((*>  ><((((*>  ><((
 
 Cycle: 15 of 200
 Pop: 1000000 -> 999575
 Elapsed time:   0:00:49
 End time:       0:10:57
 Time to end:    0:10:08
 k-eff (implicit):  0.51438 +/-  0.00013                               
 (((*>  ><((((*>  ><((((*>  ><((((*>  ><((((*>  ><((((*>  ><((((*>  ><(
 
 Cycle: 16 of 200
 Pop: 1000000 -> 1001449
 Elapsed time:   0:00:52
 End time:       0:10:57
 Time to end:    0:10:04
 k-eff (implicit):  0.51437 +/-  0.00012                               
 ((((*>  ><((((*>  ><((((*>  ><((((*>  ><((((*>  ><((((*>  ><((((*>  ><
 
 Cycle: 17 of 200
 Pop: 1000000 -> 999627
 Elapsed time:   0:00:55
 End time:       0:10:57
 Time to end:    0:10:02
 k-eff (implicit):  0.51438 +/-  0.00012                               
 <((((*>  ><((((*>  ><((((*>  ><((((*>  ><((((*>  ><((((*>  ><((((*>  >
 
 Cycle: 18 of 200
 Pop: 1000000 -> 999745
 Elapsed time:   0:00:59
 End time:       0:10:58
 Time to end:    0:09:59
 k-eff (implicit):  0.51438 +/-  0.00011                               
 ><((((*>  ><((((*>  ><((((*>  ><((((*>  ><((((*>  ><((((*>  ><((((*>  
 
 Cycle: 19 of 200
 Pop: 1000000 -> 1000412
 Elapsed time:   0:01:02
 End time:       0:10:57
 Time to end:    0:09:55
 k-eff (implicit):  0.51435 +/-  0.00011                               
  ><((((*>  ><((((*>  ><((((*>  ><((((*>  ><((((*>  ><((((*>  ><((((*> 
 
 Cycle: 20 of 200
 Pop: 1000000 -> 999186
 Elapsed time:   0:01:05
 End time:       0:10:57
 Time to end:    0:09:51
 k-eff (implicit):  0.51432 +/-  0.00011                               
   ><((((*>  ><((((*>  ><((((*>  ><((((*>  ><((((*>  ><((((*>  ><((((*>
 
 Cycle: 21 of 200
 Pop: 1000000 -> 999757
 Elapsed time:   0:01:09
 End time:       0:10:57
 Time to end:    0:09:48
 k-eff (implicit):  0.51431 +/-  0.00010                               
 >  ><((((*>  ><((((*>  ><((((*>  ><((((*>  ><((((*>  ><((((*>  ><((((*
 
 Cycle: 22 of 200
 Pop: 1000000 -> 1000844
 Elapsed time:   0:01:12
 End time:       0:10:57
 Time to end:    0:09:45
 k-eff (implicit):  0.51432 +/-  0.00010                               
 *>  ><((((*>  ><((((*>  ><((((*>  ><((((*>  ><((((*>  ><((((*>  ><((((
 
 Cycle: 23 of 200
 Pop: 1000000 -> 1001759
 Elapsed time:   0:01:15
 End time:       0:10:57
 Time to end:    0:09:41
 k-eff (implicit):  0.51433 +/-  0.00010                               
 (*>  ><((((*>  ><((((*>  ><((((*>  ><((((*>  ><((((*>  ><((((*>  ><(((
 
 Cycle: 24 of 200
 Pop: 1000000 -> 999688
 Elapsed time:   0:01:18
 End time:       0:10:57
 Time to end:    0:09:38
 k-eff (implicit):  0.51433 +/-  0.00009                               
 ((*>  ><((((*>  ><((((*>  ><((((*>  ><((((*>  ><((((*>  ><((((*>  ><((
 
 Cycle: 25 of 200
 Pop: 1000000 -> 1001457
 Elapsed time:   0:01:22
 End time:       0:10:57
 Time to end:    0:09:35
 k-eff (implicit):  0.51433 +/-  0.00009                               
 (((*>  ><((((*>  ><((((*>  ><((((*>  ><((((*>  ><((((*>  ><((((*>  ><(
 
 Cycle: 26 of 200
 Pop: 1000000 -> 997548
 Elapsed time:   0:01:25
 End time:       0:10:58
 Time to end:    0:09:32
 k-eff (implicit):  0.51431 +/-  0.00009                               
 ((((*>  ><((((*>  ><((((*>  ><((((*>  ><((((*>  ><((((*>  ><((((*>  ><
 
 Cycle: 27 of 200
 Pop: 1000000 -> 998253
 Elapsed time:   0:01:28
 End time:       0:10:58
 Time to end:    0:09:29
 k-eff (implicit):  0.51429 +/-  0.00009                               
 <((((*>  ><((((*>  ><((((*>  ><((((*>  ><((((*>  ><((((*>  ><((((*>  >
 
 Cycle: 28 of 200
 Pop: 1000000 -> 1001590
 Elapsed time:   0:01:32
 End time:       0:10:58
 Time to end:    0:09:26
 k-eff (implicit):  0.51429 +/-  0.00008                               
 ><((((*>  ><((((*>  ><((((*>  ><((((*>  ><((((*>  ><((((*>  ><((((*>  
 
 Cycle: 29 of 200
 Pop: 1000000 -> 1003171
 Elapsed time:   0:01:35
 End time:       0:10:58
 Time to end:    0:09:22
 k-eff (implicit):  0.51432 +/-  0.00008                               
  ><((((*>  ><((((*>  ><((((*>  ><((((*>  ><((((*>  ><((((*>  ><((((*> 
 
 Cycle: 30 of 200
 Pop: 1000000 -> 1000117
 Elapsed time:   0:01:38
 End time:       0:10:57
 Time to end:    0:09:19
 k-eff (implicit):  0.51431 +/-  0.00008                               
   ><((((*>  ><((((*>  ><((((*>  ><((((*>  ><((((*>  ><((((*>  ><((((*>
 
 Cycle: 31 of 200
 Pop: 1000000 -> 1001343
 Elapsed time:   0:01:41
 End time:       0:10:57
 Time to end:    0:09:15
 k-eff (implicit):  0.51432 +/-  0.00008                               
 >  ><((((*>  ><((((*>  ><((((*>  ><((((*>  ><((((*>  ><((((*>  ><((((*
 
 Cycle: 32 of 200
 Pop: 1000000 -> 998962
 Elapsed time:   0:01:45
 End time:       0:10:57
 Time to end:    0:09:12
 k-eff (implicit):  0.51432 +/-  0.00008                               
 *>  ><((((*>  ><((((*>  ><((((*>  ><((((*>  ><((((*>  ><((((*>  ><((((
 
 Cycle: 33 of 200
 Pop: 1000000 -> 999459
 Elapsed time:   0:01:48
 End time:       0:10:58
 Time to end:    0:09:09
 k-eff (implicit):  0.51431 +/-  0.00008                               
 (*>  ><((((*>  ><((((*>  ><((((*>  ><((((*>  ><((((*>  ><((((*>  ><(((
 
 Cycle: 34 of 200
 Pop: 1000000 -> 1000272
 Elapsed time:   0:01:51
 End time:       0:10:57
 Time to end:    0:09:06
 k-eff (implicit):  0.51430 +/-  0.00007                               
 ((*>  ><((((*>  ><((((*>  ><((((*>  ><((((*>  ><((((*>  ><((((*>  ><((
 
 Cycle: 35 of 200
 Pop: 1000000 -> 999792
 Elapsed time:   0:01:55
 End time:       0:10:58
 Time to end:    0:09:03
 k-eff (implicit):  0.51429 +/-  0.00007                               
 (((*>  ><((((*>  ><((((*>  ><((((*>  ><((((*>  ><((((*>  ><((((*>  ><(
 
 Cycle: 36 of 200
 Pop: 1000000 -> 998808
 Elapsed time:   0:01:58
 End time:       0:10:58
 Time to end:    0:09:00
 k-eff (implicit):  0.51429 +/-  0.00007                               
 ((((*>  ><((((*>  ><((((*>  ><((((*>  ><((((*>  ><((((*>  ><((((*>  ><
 
 Cycle: 37 of 200
 Pop: 1000000 -> 1001195
 Elapsed time:   0:02:01
 End time:       0:10:58
 Time to end:    0:08:56
 k-eff (implicit):  0.51429 +/-  0.00007                               
 <((((*>  ><((((*>  ><((((*>  ><((((*>  ><((((*>  ><((((*>  ><((((*>  >
 
 Cycle: 38 of 200
 Pop: 1000000 -> 1000375
 Elapsed time:   0:02:05
 End time:       0:10:58
 Time to end:    0:08:53
 k-eff (implicit):  0.51429 +/-  0.00007                               
 ><((((*>  ><((((*>  ><((((*>  ><((((*>  ><((((*>  ><((((*>  ><((((*>  
 
 Cycle: 39 of 200
 Pop: 1000000 -> 1000647
 Elapsed time:   0:02:08
 End time:       0:10:57
 Time to end:    0:08:49
 k-eff (implicit):  0.51429 +/-  0.00007                               
  ><((((*>  ><((((*>  ><((((*>  ><((((*>  ><((((*>  ><((((*>  ><((((*> 
 
 Cycle: 40 of 200
 Pop: 1000000 -> 998952
 Elapsed time:   0:02:11
 End time:       0:10:58
 Time to end:    0:08:46
 k-eff (implicit):  0.51429 +/-  0.00006                               
   ><((((*>  ><((((*>  ><((((*>  ><((((*>  ><((((*>  ><((((*>  ><((((*>
 
 Cycle: 41 of 200
 Pop: 1000000 -> 999491
 Elapsed time:   0:02:15
 End time:       0:10:58
 Time to end:    0:08:43
 k-eff (implicit):  0.51429 +/-  0.00006                               
 >  ><((((*>  ><((((*>  ><((((*>  ><((((*>  ><((((*>  ><((((*>  ><((((*
 
 Cycle: 42 of 200
 Pop: 1000000 -> 999595
 Elapsed time:   0:02:18
 End time:       0:10:58
 Time to end:    0:08:40
 k-eff (implicit):  0.51429 +/-  0.00006                               
 *>  ><((((*>  ><((((*>  ><((((*>  ><((((*>  ><((((*>  ><((((*>  ><((((
 
 Cycle: 43 of 200
 Pop: 1000000 -> 1000675
 Elapsed time:   0:02:21
 End time:       0:10:58
 Time to end:    0:08:36
 k-eff (implicit):  0.51429 +/-  0.00006                               
 (*>  ><((((*>  ><((((*>  ><((((*>  ><((((*>  ><((((*>  ><((((*>  ><(((
 
 Cycle: 44 of 200
 Pop: 1000000 -> 998888
 Elapsed time:   0:02:24
 End time:       0:10:58
 Time to end:    0:08:33
 k-eff (implicit):  0.51429 +/-  0.00006                               
 ((*>  ><((((*>  ><((((*>  ><((((*>  ><((((*>  ><((((*>  ><((((*>  ><((
 
 Cycle: 45 of 200
 Pop: 1000000 -> 999998
 Elapsed time:   0:02:28
 End time:       0:10:58
 Time to end:    0:08:30
 k-eff (implicit):  0.51429 +/-  0.00006                               
 (((*>  ><((((*>  ><((((*>  ><((((*>  ><((((*>  ><((((*>  ><((((*>  ><(
 
 Cycle: 46 of 200
 Pop: 1000000 -> 998665
 Elapsed time:   0:02:31
 End time:       0:10:59
 Time to end:    0:08:27
 k-eff (implicit):  0.51428 +/-  0.00006                               
 ((((*>  ><((((*>  ><((((*>  ><((((*>  ><((((*>  ><((((*>  ><((((*>  ><
 
 Cycle: 47 of 200
 Pop: 1000000 -> 1000595
 Elapsed time:   0:02:34
 End time:       0:10:58
 Time to end:    0:08:24
 k-eff (implicit):  0.51428 +/-  0.00006                               
 <((((*>  ><((((*>  ><((((*>  ><((((*>  ><((((*>  ><((((*>  ><((((*>  >
 
 Cycle: 48 of 200
 Pop: 1000000 -> 1000323
 Elapsed time:   0:02:38
 End time:       0:10:58
 Time to end:    0:08:20
 k-eff (implicit):  0.51428 +/-  0.00006                               
 ><((((*>  ><((((*>  ><((((*>  ><((((*>  ><((((*>  ><((((*>  ><((((*>  
 
 Cycle: 49 of 200
 Pop: 1000000 -> 1001396
 Elapsed time:   0:02:41
 End time:       0:10:58
 Time to end:    0:08:17
 k-eff (implicit):  0.51429 +/-  0.00006                               
  ><((((*>  ><((((*>  ><((((*>  ><((((*>  ><((((*>  ><((((*>  ><((((*> 
 
 Cycle: 50 of 200
 Pop: 1000000 -> 998064
 Elapsed time:   0:02:44
 End time:       0:10:58
 Time to end:    0:08:13
 k-eff (implicit):  0.51429 +/-  0.00005                               
   ><((((*>  ><((((*>  ><((((*>  ><((((*>  ><((((*>  ><((((*>  ><((((*>
 
 Cycle: 51 of 200
 Pop: 1000000 -> 998692
 Elapsed time:   0:02:48
 End time:       0:10:58
 Time to end:    0:08:10
 k-eff (implicit):  0.51428 +/-  0.00005                               
 >  ><((((*>  ><((((*>  ><((((*>  ><((((*>  ><((((*>  ><((((*>  ><((((*
 
 Cycle: 52 of 200
 Pop: 1000000 -> 998393
 Elapsed time:   0:02:51
 End time:       0:10:59
 Time to end:    0:08:07
 k-eff (implicit):  0.51428 +/-  0.00005                               
 *>  ><((((*>  ><((((*>  ><((((*>  ><((((*>  ><((((*>  ><((((*>  ><((((
 
 Cycle: 53 of 200
 Pop: 1000000 -> 1001034
 Elapsed time:   0:02:54
 End time:       0:10:58
 Time to end:    0:08:04
 k-eff (implicit):  0.51428 +/-  0.00005                               
 (*>  ><((((*>  ><((((*>  ><((((*>  ><((((*>  ><((((*>  ><((((*>  ><(((
 
 Cycle: 54 of 200
 Pop: 1000000 -> 1002826
 Elapsed time:   0:02:57
 End time:       0:10:58
 Time to end:    0:08:00
 k-eff (implicit):  0.51428 +/-  0.00005                               
 ((*>  ><((((*>  ><((((*>  ><((((*>  ><((((*>  ><((((*>  ><((((*>  ><((
 
 Cycle: 55 of 200
 Pop: 1000000 -> 1001491
 Elapsed time:   0:03:01
 End time:       0:10:58
 Time to end:    0:07:57
 k-eff (implicit):  0.51429 +/-  0.00005                               
 (((*>  ><((((*>  ><((((*>  ><((((*>  ><((((*>  ><((((*>  ><((((*>  ><(
 
 Cycle: 56 of 200
 Pop: 1000000 -> 999930
 Elapsed time:   0:03:04
 End time:       0:10:58
 Time to end:    0:07:53
 k-eff (implicit):  0.51429 +/-  0.00005                               
 ((((*>  ><((((*>  ><((((*>  ><((((*>  ><((((*>  ><((((*>  ><((((*>  ><
 
 Cycle: 57 of 200
 Pop: 1000000 -> 1000187
 Elapsed time:   0:03:07
 End time:       0:10:57
 Time to end:    0:07:50
 k-eff (implicit):  0.51428 +/-  0.00005                               
 <((((*>  ><((((*>  ><((((*>  ><((((*>  ><((((*>  ><((((*>  ><((((*>  >
 
 Cycle: 58 of 200
 Pop: 1000000 -> 1002410
 Elapsed time:   0:03:10
 End time:       0:10:57
 Time to end:    0:07:47
 k-eff (implicit):  0.51429 +/-  0.00005                               
 ><((((*>  ><((((*>  ><((((*>  ><((((*>  ><((((*>  ><((((*>  ><((((*>  
 
 Cycle: 59 of 200
 Pop: 1000000 -> 999468
 Elapsed time:   0:03:14
 End time:       0:10:57
 Time to end:    0:07:43
 k-eff (implicit):  0.51428 +/-  0.00005                               
  ><((((*>  ><((((*>  ><((((*>  ><((((*>  ><((((*>  ><((((*>  ><((((*> 
 
 Cycle: 60 of 200
 Pop: 1000000 -> 999771
 Elapsed time:   0:03:17
 End time:       0:10:58
 Time to end:    0:07:40
 k-eff (implicit):  0.51427 +/-  0.00005                               
   ><((((*>  ><((((*>  ><((((*>  ><((((*>  ><((((*>  ><((((*>  ><((((*>
 
 Cycle: 61 of 200
 Pop: 1000000 -> 999729
 Elapsed time:   0:03:20
 End time:       0:10:58
 Time to end:    0:07:37
 k-eff (implicit):  0.51427 +/-  0.00005                               
 >  ><((((*>  ><((((*>  ><((((*>  ><((((*>  ><((((*>  ><((((*>  ><((((*
 
 Cycle: 62 of 200
 Pop: 1000000 -> 999488
 Elapsed time:   0:03:24
 End time:       0:10:58
 Time to end:    0:07:34
 k-eff (implicit):  0.51427 +/-  0.00005                               
 *>  ><((((*>  ><((((*>  ><((((*>  ><((((*>  ><((((*>  ><((((*>  ><((((
 
 Cycle: 63 of 200
 Pop: 1000000 -> 1002224
 Elapsed time:   0:03:27
 End time:       0:10:58
 Time to end:    0:07:30
 k-eff (implicit):  0.51428 +/-  0.00005                               
 (*>  ><((((*>  ><((((*>  ><((((*>  ><((((*>  ><((((*>  ><((((*>  ><(((
 
 Cycle: 64 of 200
 Pop: 1000000 -> 1001467
 Elapsed time:   0:03:30
 End time:       0:10:58
 Time to end:    0:07:27
 k-eff (implicit):  0.51428 +/-  0.00005                               
 ((*>  ><((((*>  ><((((*>  ><((((*>  ><((((*>  ><((((*>  ><((((*>  ><((
 
 Cycle: 65 of 200
 Pop: 1000000 -> 998991
 Elapsed time:   0:03:33
 End time:       0:10:58
 Time to end:    0:07:24
 k-eff (implicit):  0.51428 +/-  0.00005                               
 (((*>  ><((((*>  ><((((*>  ><((((*>  ><((((*>  ><((((*>  ><((((*>  ><(
 
 Cycle: 66 of 200
 Pop: 1000000 -> 999204
 Elapsed time:   0:03:37
 End time:       0:10:58
 Time to end:    0:07:21
 k-eff (implicit):  0.51428 +/-  0.00005                               
 ((((*>  ><((((*>  ><((((*>  ><((((*>  ><((((*>  ><((((*>  ><((((*>  ><
 
 Cycle: 67 of 200
 Pop: 1000000 -> 1000354
 Elapsed time:   0:03:40
 End time:       0:10:58
 Time to end:    0:07:17
 k-eff (implicit):  0.51429 +/-  0.00005                               
 <((((*>  ><((((*>  ><((((*>  ><((((*>  ><((((*>  ><((((*>  ><((((*>  >
 
 Cycle: 68 of 200
 Pop: 1000000 -> 999190
 Elapsed time:   0:03:43
 End time:       0:10:58
 Time to end:    0:07:14
 k-eff (implicit):  0.51428 +/-  0.00005                               
 ><((((*>  ><((((*>  ><((((*>  ><((((*>  ><((((*>  ><((((*>  ><((((*>  
 
 Cycle: 69 of 200
 Pop: 1000000 -> 998394
 Elapsed time:   0:03:47
 End time:       0:10:58
 Time to end:    0:07:11
 k-eff (implicit):  0.51427 +/-  0.00005                               
  ><((((*>  ><((((*>  ><((((*>  ><((((*>  ><((((*>  ><((((*>  ><((((*> 
 
 Cycle: 70 of 200
 Pop: 1000000 -> 1001242
 Elapsed time:   0:03:50
 End time:       0:10:58
 Time to end:    0:07:07
 k-eff (implicit):  0.51427 +/-  0.00005                               
   ><((((*>  ><((((*>  ><((((*>  ><((((*>  ><((((*>  ><((((*>  ><((((*>
 
 Cycle: 71 of 200
 Pop: 1000000 -> 999968
 Elapsed time:   0:03:53
 End time:       0:10:58
 Time to end:    0:07:04
 k-eff (implicit):  0.51428 +/-  0.00004                               
 >  ><((((*>  ><((((*>  ><((((*>  ><((((*>  ><((((*>  ><((((*>  ><((((*
 
 Cycle: 72 of 200
 Pop: 1000000 -> 999123
 Elapsed time:   0:03:57
 End time:       0:10:58
 Time to end:    0:07:01
 k-eff (implicit):  0.51427 +/-  0.00004                               
 *>  ><((((*>  ><((((*>  ><((((*>  ><((((*>  ><((((*>  ><((((*>  ><((((
 
 Cycle: 73 of 200
 Pop: 1000000 -> 1000656
 Elapsed time:   0:04:00
 End time:       0:10:58
 Time to end:    0:06:58
 k-eff (implicit):  0.51426 +/-  0.00004                               
 (*>  ><((((*>  ><((((*>  ><((((*>  ><((((*>  ><((((*>  ><((((*>  ><(((
 
 Cycle: 74 of 200
 Pop: 1000000 -> 1002158
 Elapsed time:   0:04:03
 End time:       0:10:58
 Time to end:    0:06:54
 k-eff (implicit):  0.51427 +/-  0.00004                               
 ((*>  ><((((*>  ><((((*>  ><((((*>  ><((((*>  ><((((*>  ><((((*>  ><((
 
 Cycle: 75 of 200
 Pop: 1000000 -> 1000027
 Elapsed time:   0:04:06
 End time:       0:10:58
 Time to end:    0:06:51
 k-eff (implicit):  0.51427 +/-  0.00004                               
 (((*>  ><((((*>  ><((((*>  ><((((*>  ><((((*>  ><((((*>  ><((((*>  ><(
 
 Cycle: 76 of 200
 Pop: 1000000 -> 1001597
 Elapsed time:   0:04:10
 End time:       0:10:57
 Time to end:    0:06:47
 k-eff (implicit):  0.51427 +/-  0.00004                               
 ((((*>  ><((((*>  ><((((*>  ><((((*>  ><((((*>  ><((((*>  ><((((*>  ><
 
 Cycle: 77 of 200
 Pop: 1000000 -> 1000036
 Elapsed time:   0:04:13
 End time:       0:10:57
 Time to end:    0:06:44
 k-eff (implicit):  0.51427 +/-  0.00004                               
 <((((*>  ><((((*>  ><((((*>  ><((((*>  ><((((*>  ><((((*>  ><((((*>  >
 
 Cycle: 78 of 200
 Pop: 1000000 -> 998499
 Elapsed time:   0:04:16
 End time:       0:10:58
 Time to end:    0:06:41
 k-eff (implicit):  0.51426 +/-  0.00004                               
 ><((((*>  ><((((*>  ><((((*>  ><((((*>  ><((((*>  ><((((*>  ><((((*>  
 
 Cycle: 79 of 200
 Pop: 1000000 -> 999832
 Elapsed time:   0:04:19
 End time:       0:10:58
 Time to end:    0:06:38
 k-eff (implicit):  0.51428 +/-  0.00004                               
  ><((((*>  ><((((*>  ><((((*>  ><((((*>  ><((((*>  ><((((*>  ><((((*> 
 
 Cycle: 80 of 200
 Pop: 1000000 -> 1001768
 Elapsed time:   0:04:23
 End time:       0:10:57
 Time to end:    0:06:34
 k-eff (implicit):  0.51428 +/-  0.00004                               
   ><((((*>  ><((((*>  ><((((*>  ><((((*>  ><((((*>  ><((((*>  ><((((*>
 
 Cycle: 81 of 200
 Pop: 1000000 -> 1000751
 Elapsed time:   0:04:26
 End time:       0:10:57
 Time to end:    0:06:31
 k-eff (implicit):  0.51427 +/-  0.00004                               
 >  ><((((*>  ><((((*>  ><((((*>  ><((((*>  ><((((*>  ><((((*>  ><((((*
 
 Cycle: 82 of 200
 Pop: 1000000 -> 998911
 Elapsed time:   0:04:29
 End time:       0:10:57
 Time to end:    0:06:28
 k-eff (implicit):  0.51427 +/-  0.00004                               
 *>  ><((((*>  ><((((*>  ><((((*>  ><((((*>  ><((((*>  ><((((*>  ><((((
 
 Cycle: 83 of 200
 Pop: 1000000 -> 999114
 Elapsed time:   0:04:33
 End time:       0:10:58
 Time to end:    0:06:24
 k-eff (implicit):  0.51427 +/-  0.00004                               
 (*>  ><((((*>  ><((((*>  ><((((*>  ><((((*>  ><((((*>  ><((((*>  ><(((
 
 Cycle: 84 of 200
 Pop: 1000000 -> 1001016
 Elapsed time:   0:04:36
 End time:       0:10:57
 Time to end:    0:06:21
 k-eff (implicit):  0.51428 +/-  0.00004                               
 ((*>  ><((((*>  ><((((*>  ><((((*>  ><((((*>  ><((((*>  ><((((*>  ><((
 
 Cycle: 85 of 200
 Pop: 1000000 -> 1000125
 Elapsed time:   0:04:39
 End time:       0:10:57
 Time to end:    0:06:18
 k-eff (implicit):  0.51428 +/-  0.00004                               
 (((*>  ><((((*>  ><((((*>  ><((((*>  ><((((*>  ><((((*>  ><((((*>  ><(
 
 Cycle: 86 of 200
 Pop: 1000000 -> 998744
 Elapsed time:   0:04:42
 End time:       0:10:57
 Time to end:    0:06:15
 k-eff (implicit):  0.51428 +/-  0.00004                               
 ((((*>  ><((((*>  ><((((*>  ><((((*>  ><((((*>  ><((((*>  ><((((*>  ><
 
 Cycle: 87 of 200
 Pop: 1000000 -> 1001341
 Elapsed time:   0:04:46
 End time:       0:10:57
 Time to end:    0:06:11
 k-eff (implicit):  0.51429 +/-  0.00004                               
 <((((*>  ><((((*>  ><((((*>  ><((((*>  ><((((*>  ><((((*>  ><((((*>  >
 
 Cycle: 88 of 200
 Pop: 1000000 -> 997450
 Elapsed time:   0:04:49
 End time:       0:10:57
 Time to end:    0:06:08
 k-eff (implicit):  0.51428 +/-  0.00004                               
 ><((((*>  ><((((*>  ><((((*>  ><((((*>  ><((((*>  ><((((*>  ><((((*>  
 
 Cycle: 89 of 200
 Pop: 1000000 -> 1001063
 Elapsed time:   0:04:52
 End time:       0:10:57
 Time to end:    0:06:05
 k-eff (implicit):  0.51429 +/-  0.00004                               
  ><((((*>  ><((((*>  ><((((*>  ><((((*>  ><((((*>  ><((((*>  ><((((*> 
 
 Cycle: 90 of 200
 Pop: 1000000 -> 1002195
 Elapsed time:   0:04:55
 End time:       0:10:57
 Time to end:    0:06:01
 k-eff (implicit):  0.51428 +/-  0.00004                               
   ><((((*>  ><((((*>  ><((((*>  ><((((*>  ><((((*>  ><((((*>  ><((((*>
 
 Cycle: 91 of 200
 Pop: 1000000 -> 999388
 Elapsed time:   0:04:59
 End time:       0:10:57
 Time to end:    0:05:58
 k-eff (implicit):  0.51428 +/-  0.00004                               
 >  ><((((*>  ><((((*>  ><((((*>  ><((((*>  ><((((*>  ><((((*>  ><((((*
 
 Cycle: 92 of 200
 Pop: 1000000 -> 996881
 Elapsed time:   0:05:02
 End time:       0:10:57
 Time to end:    0:05:55
 k-eff (implicit):  0.51428 +/-  0.00004                               
 *>  ><((((*>  ><((((*>  ><((((*>  ><((((*>  ><((((*>  ><((((*>  ><((((
 
 Cycle: 93 of 200
 Pop: 1000000 -> 998731
 Elapsed time:   0:05:05
 End time:       0:10:57
 Time to end:    0:05:51
 k-eff (implicit):  0.51427 +/-  0.00004                               
 (*>  ><((((*>  ><((((*>  ><((((*>  ><((((*>  ><((((*>  ><((((*>  ><(((
 
 Cycle: 94 of 200
 Pop: 1000000 -> 1000016
 Elapsed time:   0:05:09
 End time:       0:10:57
 Time to end:    0:05:48
 k-eff (implicit):  0.51427 +/-  0.00004                               
 ((*>  ><((((*>  ><((((*>  ><((((*>  ><((((*>  ><((((*>  ><((((*>  ><((
 
 Cycle: 95 of 200
 Pop: 1000000 -> 998805
 Elapsed time:   0:05:12
 End time:       0:10:57
 Time to end:    0:05:45
 k-eff (implicit):  0.51427 +/-  0.00004                               
 (((*>  ><((((*>  ><((((*>  ><((((*>  ><((((*>  ><((((*>  ><((((*>  ><(
 
 Cycle: 96 of 200
 Pop: 1000000 -> 999983
 Elapsed time:   0:05:15
 End time:       0:10:57
 Time to end:    0:05:42
 k-eff (implicit):  0.51426 +/-  0.00004                               
 ((((*>  ><((((*>  ><((((*>  ><((((*>  ><((((*>  ><((((*>  ><((((*>  ><
 
 Cycle: 97 of 200
 Pop: 1000000 -> 1002006
 Elapsed time:   0:05:19
 End time:       0:10:57
 Time to end:    0:05:38
 k-eff (implicit):  0.51426 +/-  0.00004                               
 <((((*>  ><((((*>  ><((((*>  ><((((*>  ><((((*>  ><((((*>  ><((((*>  >
 
 Cycle: 98 of 200
 Pop: 1000000 -> 1002108
 Elapsed time:   0:05:22
 End time:       0:10:57
 Time to end:    0:05:35
 k-eff (implicit):  0.51427 +/-  0.00004                               
 ><((((*>  ><((((*>  ><((((*>  ><((((*>  ><((((*>  ><((((*>  ><((((*>  
 
 Cycle: 99 of 200
 Pop: 1000000 -> 1002267
 Elapsed time:   0:05:25
 End time:       0:10:57
 Time to end:    0:05:32
 k-eff (implicit):  0.51427 +/-  0.00004                               
  ><((((*>  ><((((*>  ><((((*>  ><((((*>  ><((((*>  ><((((*>  ><((((*> 
 
 Cycle: 100 of 200
 Pop: 1000000 -> 999288
 Elapsed time:   0:05:28
 End time:       0:10:57
 Time to end:    0:05:28
 k-eff (implicit):  0.51426 +/-  0.00004                               
   ><((((*>  ><((((*>  ><((((*>  ><((((*>  ><((((*>  ><((((*>  ><((((*>
 
 Cycle: 101 of 200
 Pop: 1000000 -> 999754
 Elapsed time:   0:05:32
 End time:       0:10:57
 Time to end:    0:05:25
 k-eff (implicit):  0.51426 +/-  0.00004                               
 >  ><((((*>  ><((((*>  ><((((*>  ><((((*>  ><((((*>  ><((((*>  ><((((*
 
 Cycle: 102 of 200
 Pop: 1000000 -> 998232
 Elapsed time:   0:05:35
 End time:       0:10:57
 Time to end:    0:05:22
 k-eff (implicit):  0.51426 +/-  0.00004                               
 *>  ><((((*>  ><((((*>  ><((((*>  ><((((*>  ><((((*>  ><((((*>  ><((((
 
 Cycle: 103 of 200
 Pop: 1000000 -> 998555
 Elapsed time:   0:05:38
 End time:       0:10:58
 Time to end:    0:05:19
 k-eff (implicit):  0.51425 +/-  0.00004                               
 (*>  ><((((*>  ><((((*>  ><((((*>  ><((((*>  ><((((*>  ><((((*>  ><(((
 
 Cycle: 104 of 200
 Pop: 1000000 -> 997707
 Elapsed time:   0:05:42
 End time:       0:10:58
 Time to end:    0:05:15
 k-eff (implicit):  0.51425 +/-  0.00004                               
 ((*>  ><((((*>  ><((((*>  ><((((*>  ><((((*>  ><((((*>  ><((((*>  ><((
 
 Cycle: 105 of 200
 Pop: 1000000 -> 1000637
 Elapsed time:   0:05:45
 End time:       0:10:58
 Time to end:    0:05:12
 k-eff (implicit):  0.51425 +/-  0.00004                               
 (((*>  ><((((*>  ><((((*>  ><((((*>  ><((((*>  ><((((*>  ><((((*>  ><(
 
 Cycle: 106 of 200
 Pop: 1000000 -> 1001260
 Elapsed time:   0:05:48
 End time:       0:10:58
 Time to end:    0:05:09
 k-eff (implicit):  0.51426 +/-  0.00004                               
 ((((*>  ><((((*>  ><((((*>  ><((((*>  ><((((*>  ><((((*>  ><((((*>  ><
 
 Cycle: 107 of 200
 Pop: 1000000 -> 997199
 Elapsed time:   0:05:52
 End time:       0:10:58
 Time to end:    0:05:06
 k-eff (implicit):  0.51425 +/-  0.00004                               
 <((((*>  ><((((*>  ><((((*>  ><((((*>  ><((((*>  ><((((*>  ><((((*>  >
 
 Cycle: 108 of 200
 Pop: 1000000 -> 1001051
 Elapsed time:   0:05:55
 End time:       0:10:58
 Time to end:    0:05:02
 k-eff (implicit):  0.51425 +/-  0.00004                               
 ><((((*>  ><((((*>  ><((((*>  ><((((*>  ><((((*>  ><((((*>  ><((((*>  
 
 Cycle: 109 of 200
 Pop: 1000000 -> 1000615
 Elapsed time:   0:05:58
 End time:       0:10:57
 Time to end:    0:04:59
 k-eff (implicit):  0.51425 +/-  0.00004                               
  ><((((*>  ><((((*>  ><((((*>  ><((((*>  ><((((*>  ><((((*>  ><((((*> 
 
 Cycle: 110 of 200
 Pop: 1000000 -> 998648
 Elapsed time:   0:06:01
 End time:       0:10:58
 Time to end:    0:04:56
 k-eff (implicit):  0.51425 +/-  0.00004                               
   ><((((*>  ><((((*>  ><((((*>  ><((((*>  ><((((*>  ><((((*>  ><((((*>
 
 Cycle: 111 of 200
 Pop: 1000000 -> 998870
 Elapsed time:   0:06:05
 End time:       0:10:58
 Time to end:    0:04:52
 k-eff (implicit):  0.51424 +/-  0.00004                               
 >  ><((((*>  ><((((*>  ><((((*>  ><((((*>  ><((((*>  ><((((*>  ><((((*
 
 Cycle: 112 of 200
 Pop: 1000000 -> 1001988
 Elapsed time:   0:06:08
 End time:       0:10:58
 Time to end:    0:04:49
 k-eff (implicit):  0.51425 +/-  0.00004                               
 *>  ><((((*>  ><((((*>  ><((((*>  ><((((*>  ><((((*>  ><((((*>  ><((((
 
 Cycle: 113 of 200
 Pop: 1000000 -> 999957
 Elapsed time:   0:06:11
 End time:       0:10:58
 Time to end:    0:04:46
 k-eff (implicit):  0.51425 +/-  0.00004                               
 (*>  ><((((*>  ><((((*>  ><((((*>  ><((((*>  ><((((*>  ><((((*>  ><(((
 
 Cycle: 114 of 200
 Pop: 1000000 -> 999173
 Elapsed time:   0:06:15
 End time:       0:10:58
 Time to end:    0:04:43
 k-eff (implicit):  0.51425 +/-  0.00004                               
 ((*>  ><((((*>  ><((((*>  ><((((*>  ><((((*>  ><((((*>  ><((((*>  ><((
 
 Cycle: 115 of 200
 Pop: 1000000 -> 1001317
 Elapsed time:   0:06:18
 End time:       0:10:58
 Time to end:    0:04:39
 k-eff (implicit):  0.51425 +/-  0.00004                               
 (((*>  ><((((*>  ><((((*>  ><((((*>  ><((((*>  ><((((*>  ><((((*>  ><(
 
 Cycle: 116 of 200
 Pop: 1000000 -> 1002302
 Elapsed time:   0:06:21
 End time:       0:10:58
 Time to end:    0:04:36
 k-eff (implicit):  0.51425 +/-  0.00004                               
 ((((*>  ><((((*>  ><((((*>  ><((((*>  ><((((*>  ><((((*>  ><((((*>  ><
 
 Cycle: 117 of 200
 Pop: 1000000 -> 999196
 Elapsed time:   0:06:25
 End time:       0:10:58
 Time to end:    0:04:33
 k-eff (implicit):  0.51426 +/-  0.00004                               
 <((((*>  ><((((*>  ><((((*>  ><((((*>  ><((((*>  ><((((*>  ><((((*>  >
 
 Cycle: 118 of 200
 Pop: 1000000 -> 999104
 Elapsed time:   0:06:28
 End time:       0:10:58
 Time to end:    0:04:29
 k-eff (implicit):  0.51426 +/-  0.00004                               
 ><((((*>  ><((((*>  ><((((*>  ><((((*>  ><((((*>  ><((((*>  ><((((*>  
 
 Cycle: 119 of 200
 Pop: 1000000 -> 999854
 Elapsed time:   0:06:31
 End time:       0:10:58
 Time to end:    0:04:26
 k-eff (implicit):  0.51426 +/-  0.00004                               
  ><((((*>  ><((((*>  ><((((*>  ><((((*>  ><((((*>  ><((((*>  ><((((*> 
 
 Cycle: 120 of 200
 Pop: 1000000 -> 1000259
 Elapsed time:   0:06:34
 End time:       0:10:58
 Time to end:    0:04:23
 k-eff (implicit):  0.51426 +/-  0.00004                               
   ><((((*>  ><((((*>  ><((((*>  ><((((*>  ><((((*>  ><((((*>  ><((((*>
 
 Cycle: 121 of 200
 Pop: 1000000 -> 1001460
 Elapsed time:   0:06:38
 End time:       0:10:58
 Time to end:    0:04:19
 k-eff (implicit):  0.51426 +/-  0.00004                               
 >  ><((((*>  ><((((*>  ><((((*>  ><((((*>  ><((((*>  ><((((*>  ><((((*
 
 Cycle: 122 of 200
 Pop: 1000000 -> 1000461
 Elapsed time:   0:06:41
 End time:       0:10:58
 Time to end:    0:04:16
 k-eff (implicit):  0.51426 +/-  0.00004                               
 *>  ><((((*>  ><((((*>  ><((((*>  ><((((*>  ><((((*>  ><((((*>  ><((((
 
 Cycle: 123 of 200
 Pop: 1000000 -> 1000469
 Elapsed time:   0:06:44
 End time:       0:10:57
 Time to end:    0:04:13
 k-eff (implicit):  0.51426 +/-  0.00004                               
 (*>  ><((((*>  ><((((*>  ><((((*>  ><((((*>  ><((((*>  ><((((*>  ><(((
 
 Cycle: 124 of 200
 Pop: 1000000 -> 1000240
 Elapsed time:   0:06:47
 End time:       0:10:57
 Time to end:    0:04:09
 k-eff (implicit):  0.51426 +/-  0.00004                               
 ((*>  ><((((*>  ><((((*>  ><((((*>  ><((((*>  ><((((*>  ><((((*>  ><((
 
 Cycle: 125 of 200
 Pop: 1000000 -> 1000499
 Elapsed time:   0:06:51
 End time:       0:10:57
 Time to end:    0:04:06
 k-eff (implicit):  0.51426 +/-  0.00004                               
 (((*>  ><((((*>  ><((((*>  ><((((*>  ><((((*>  ><((((*>  ><((((*>  ><(
 
 Cycle: 126 of 200
 Pop: 1000000 -> 1000282
 Elapsed time:   0:06:54
 End time:       0:10:57
 Time to end:    0:04:03
 k-eff (implicit):  0.51426 +/-  0.00004                               
 ((((*>  ><((((*>  ><((((*>  ><((((*>  ><((((*>  ><((((*>  ><((((*>  ><
 
 Cycle: 127 of 200
 Pop: 1000000 -> 1001897
 Elapsed time:   0:06:57
 End time:       0:10:57
 Time to end:    0:04:00
 k-eff (implicit):  0.51427 +/-  0.00004                               
 <((((*>  ><((((*>  ><((((*>  ><((((*>  ><((((*>  ><((((*>  ><((((*>  >
 
 Cycle: 128 of 200
 Pop: 1000000 -> 1000171
 Elapsed time:   0:07:00
 End time:       0:10:57
 Time to end:    0:03:56
 k-eff (implicit):  0.51426 +/-  0.00004                               
 ><((((*>  ><((((*>  ><((((*>  ><((((*>  ><((((*>  ><((((*>  ><((((*>  
 
 Cycle: 129 of 200
 Pop: 1000000 -> 999054
 Elapsed time:   0:07:04
 End time:       0:10:57
 Time to end:    0:03:53
 k-eff (implicit):  0.51426 +/-  0.00004                               
  ><((((*>  ><((((*>  ><((((*>  ><((((*>  ><((((*>  ><((((*>  ><((((*> 
 
 Cycle: 130 of 200
 Pop: 1000000 -> 999114
 Elapsed time:   0:07:07
 End time:       0:10:57
 Time to end:    0:03:50
 k-eff (implicit):  0.51426 +/-  0.00004                               
   ><((((*>  ><((((*>  ><((((*>  ><((((*>  ><((((*>  ><((((*>  ><((((*>
 
 Cycle: 131 of 200
 Pop: 1000000 -> 1001787
 Elapsed time:   0:07:10
 End time:       0:10:57
 Time to end:    0:03:46
 k-eff (implicit):  0.51426 +/-  0.00004                               
 >  ><((((*>  ><((((*>  ><((((*>  ><((((*>  ><((((*>  ><((((*>  ><((((*
 
 Cycle: 132 of 200
 Pop: 1000000 -> 1000078
 Elapsed time:   0:07:13
 End time:       0:10:57
 Time to end:    0:03:43
 k-eff (implicit):  0.51426 +/-  0.00004                               
 *>  ><((((*>  ><((((*>  ><((((*>  ><((((*>  ><((((*>  ><((((*>  ><((((
 
 Cycle: 133 of 200
 Pop: 1000000 -> 999584
 Elapsed time:   0:07:17
 End time:       0:10:57
 Time to end:    0:03:40
 k-eff (implicit):  0.51426 +/-  0.00004                               
 (*>  ><((((*>  ><((((*>  ><((((*>  ><((((*>  ><((((*>  ><((((*>  ><(((
 
 Cycle: 134 of 200
 Pop: 1000000 -> 999255
 Elapsed time:   0:07:20
 End time:       0:10:57
 Time to end:    0:03:36
 k-eff (implicit):  0.51426 +/-  0.00004                               
 ((*>  ><((((*>  ><((((*>  ><((((*>  ><((((*>  ><((((*>  ><((((*>  ><((
 
 Cycle: 135 of 200
 Pop: 1000000 -> 998706
 Elapsed time:   0:07:23
 End time:       0:10:57
 Time to end:    0:03:33
 k-eff (implicit):  0.51426 +/-  0.00004                               
 (((*>  ><((((*>  ><((((*>  ><((((*>  ><((((*>  ><((((*>  ><((((*>  ><(
 
 Cycle: 136 of 200
 Pop: 1000000 -> 1001954
 Elapsed time:   0:07:27
 End time:       0:10:57
 Time to end:    0:03:30
 k-eff (implicit):  0.51425 +/-  0.00004                               
 ((((*>  ><((((*>  ><((((*>  ><((((*>  ><((((*>  ><((((*>  ><((((*>  ><
 
 Cycle: 137 of 200
 Pop: 1000000 -> 1000250
 Elapsed time:   0:07:30
 End time:       0:10:57
 Time to end:    0:03:27
 k-eff (implicit):  0.51426 +/-  0.00004                               
 <((((*>  ><((((*>  ><((((*>  ><((((*>  ><((((*>  ><((((*>  ><((((*>  >
 
 Cycle: 138 of 200
 Pop: 1000000 -> 999538
 Elapsed time:   0:07:33
 End time:       0:10:57
 Time to end:    0:03:23
 k-eff (implicit):  0.51426 +/-  0.00004                               
 ><((((*>  ><((((*>  ><((((*>  ><((((*>  ><((((*>  ><((((*>  ><((((*>  
 
 Cycle: 139 of 200
 Pop: 1000000 -> 1000216
 Elapsed time:   0:07:36
 End time:       0:10:57
 Time to end:    0:03:20
 k-eff (implicit):  0.51426 +/-  0.00004                               
  ><((((*>  ><((((*>  ><((((*>  ><((((*>  ><((((*>  ><((((*>  ><((((*> 
 
 Cycle: 140 of 200
 Pop: 1000000 -> 1000171
 Elapsed time:   0:07:40
 End time:       0:10:57
 Time to end:    0:03:17
 k-eff (implicit):  0.51426 +/-  0.00004                               
   ><((((*>  ><((((*>  ><((((*>  ><((((*>  ><((((*>  ><((((*>  ><((((*>
 
 Cycle: 141 of 200
 Pop: 1000000 -> 999246
 Elapsed time:   0:07:43
 End time:       0:10:57
 Time to end:    0:03:13
 k-eff (implicit):  0.51426 +/-  0.00004                               
 >  ><((((*>  ><((((*>  ><((((*>  ><((((*>  ><((((*>  ><((((*>  ><((((*
 
 Cycle: 142 of 200
 Pop: 1000000 -> 1002812
 Elapsed time:   0:07:46
 End time:       0:10:57
 Time to end:    0:03:10
 k-eff (implicit):  0.51426 +/-  0.00004                               
 *>  ><((((*>  ><((((*>  ><((((*>  ><((((*>  ><((((*>  ><((((*>  ><((((
 
 Cycle: 143 of 200
 Pop: 1000000 -> 1000655
 Elapsed time:   0:07:49
 End time:       0:10:57
 Time to end:    0:03:07
 k-eff (implicit):  0.51426 +/-  0.00004                               
 (*>  ><((((*>  ><((((*>  ><((((*>  ><((((*>  ><((((*>  ><((((*>  ><(((
 
 Cycle: 144 of 200
 Pop: 1000000 -> 1002436
 Elapsed time:   0:07:53
 End time:       0:10:57
 Time to end:    0:03:03
 k-eff (implicit):  0.51427 +/-  0.00004                               
 ((*>  ><((((*>  ><((((*>  ><((((*>  ><((((*>  ><((((*>  ><((((*>  ><((
 
 Cycle: 145 of 200
 Pop: 1000000 -> 998458
 Elapsed time:   0:07:56
 End time:       0:10:57
 Time to end:    0:03:00
 k-eff (implicit):  0.51427 +/-  0.00004                               
 (((*>  ><((((*>  ><((((*>  ><((((*>  ><((((*>  ><((((*>  ><((((*>  ><(
 
 Cycle: 146 of 200
 Pop: 1000000 -> 998025
 Elapsed time:   0:07:59
 End time:       0:10:57
 Time to end:    0:02:57
 k-eff (implicit):  0.51427 +/-  0.00004                               
 ((((*>  ><((((*>  ><((((*>  ><((((*>  ><((((*>  ><((((*>  ><((((*>  ><
 
 Cycle: 147 of 200
 Pop: 1000000 -> 1002886
 Elapsed time:   0:08:03
 End time:       0:10:57
 Time to end:    0:02:54
 k-eff (implicit):  0.51427 +/-  0.00004                               
 <((((*>  ><((((*>  ><((((*>  ><((((*>  ><((((*>  ><((((*>  ><((((*>  >
 
 Cycle: 148 of 200
 Pop: 1000000 -> 1000576
 Elapsed time:   0:08:06
 End time:       0:10:57
 Time to end:    0:02:50
 k-eff (implicit):  0.51427 +/-  0.00004                               
 ><((((*>  ><((((*>  ><((((*>  ><((((*>  ><((((*>  ><((((*>  ><((((*>  
 
 Cycle: 149 of 200
 Pop: 1000000 -> 999707
 Elapsed time:   0:08:09
 End time:       0:10:57
 Time to end:    0:02:47
 k-eff (implicit):  0.51427 +/-  0.00004                               
  ><((((*>  ><((((*>  ><((((*>  ><((((*>  ><((((*>  ><((((*>  ><((((*> 
 
 Cycle: 150 of 200
 Pop: 1000000 -> 999882
 Elapsed time:   0:08:13
 End time:       0:10:57
 Time to end:    0:02:44
 k-eff (implicit):  0.51427 +/-  0.00004                               
   ><((((*>  ><((((*>  ><((((*>  ><((((*>  ><((((*>  ><((((*>  ><((((*>
 
 Cycle: 151 of 200
 Pop: 1000000 -> 999952
 Elapsed time:   0:08:16
 End time:       0:10:57
 Time to end:    0:02:41
 k-eff (implicit):  0.51427 +/-  0.00004                               
 >  ><((((*>  ><((((*>  ><((((*>  ><((((*>  ><((((*>  ><((((*>  ><((((*
 
 Cycle: 152 of 200
 Pop: 1000000 -> 1000614
 Elapsed time:   0:08:19
 End time:       0:10:57
 Time to end:    0:02:37
 k-eff (implicit):  0.51427 +/-  0.00004                               
 *>  ><((((*>  ><((((*>  ><((((*>  ><((((*>  ><((((*>  ><((((*>  ><((((
 
 Cycle: 153 of 200
 Pop: 1000000 -> 998644
 Elapsed time:   0:08:22
 End time:       0:10:57
 Time to end:    0:02:34
 k-eff (implicit):  0.51427 +/-  0.00004                               
 (*>  ><((((*>  ><((((*>  ><((((*>  ><((((*>  ><((((*>  ><((((*>  ><(((
 
 Cycle: 154 of 200
 Pop: 1000000 -> 1000812
 Elapsed time:   0:08:26
 End time:       0:10:57
 Time to end:    0:02:31
 k-eff (implicit):  0.51427 +/-  0.00003                               
 ((*>  ><((((*>  ><((((*>  ><((((*>  ><((((*>  ><((((*>  ><((((*>  ><((
 
 Cycle: 155 of 200
 Pop: 1000000 -> 999008
 Elapsed time:   0:08:29
 End time:       0:10:57
 Time to end:    0:02:27
 k-eff (implicit):  0.51427 +/-  0.00003                               
 (((*>  ><((((*>  ><((((*>  ><((((*>  ><((((*>  ><((((*>  ><((((*>  ><(
 
 Cycle: 156 of 200
 Pop: 1000000 -> 1001735
 Elapsed time:   0:08:32
 End time:       0:10:57
 Time to end:    0:02:24
 k-eff (implicit):  0.51427 +/-  0.00003                               
 ((((*>  ><((((*>  ><((((*>  ><((((*>  ><((((*>  ><((((*>  ><((((*>  ><
 
 Cycle: 157 of 200
 Pop: 1000000 -> 1000823
 Elapsed time:   0:08:36
 End time:       0:10:57
 Time to end:    0:02:21
 k-eff (implicit):  0.51427 +/-  0.00003                               
 <((((*>  ><((((*>  ><((((*>  ><((((*>  ><((((*>  ><((((*>  ><((((*>  >
 
 Cycle: 158 of 200
 Pop: 1000000 -> 1000361
 Elapsed time:   0:08:39
 End time:       0:10:57
 Time to end:    0:02:18
 k-eff (implicit):  0.51427 +/-  0.00003                               
 ><((((*>  ><((((*>  ><((((*>  ><((((*>  ><((((*>  ><((((*>  ><((((*>  
 
 Cycle: 159 of 200
 Pop: 1000000 -> 1001718
 Elapsed time:   0:08:42
 End time:       0:10:57
 Time to end:    0:02:14
 k-eff (implicit):  0.51428 +/-  0.00003                               
  ><((((*>  ><((((*>  ><((((*>  ><((((*>  ><((((*>  ><((((*>  ><((((*> 
 
 Cycle: 160 of 200
 Pop: 1000000 -> 1002871
 Elapsed time:   0:08:45
 End time:       0:10:57
 Time to end:    0:02:11
 k-eff (implicit):  0.51428 +/-  0.00003                               
   ><((((*>  ><((((*>  ><((((*>  ><((((*>  ><((((*>  ><((((*>  ><((((*>
 
 Cycle: 161 of 200
 Pop: 1000000 -> 1000295
 Elapsed time:   0:08:48
 End time:       0:10:57
 Time to end:    0:02:08
 k-eff (implicit):  0.51428 +/-  0.00003                               
 >  ><((((*>  ><((((*>  ><((((*>  ><((((*>  ><((((*>  ><((((*>  ><((((*
 
 Cycle: 162 of 200
 Pop: 1000000 -> 999538
 Elapsed time:   0:08:52
 End time:       0:10:57
 Time to end:    0:02:04
 k-eff (implicit):  0.51428 +/-  0.00003                               
 *>  ><((((*>  ><((((*>  ><((((*>  ><((((*>  ><((((*>  ><((((*>  ><((((
 
 Cycle: 163 of 200
 Pop: 1000000 -> 1000129
 Elapsed time:   0:08:55
 End time:       0:10:57
 Time to end:    0:02:01
 k-eff (implicit):  0.51428 +/-  0.00003                               
 (*>  ><((((*>  ><((((*>  ><((((*>  ><((((*>  ><((((*>  ><((((*>  ><(((
 
 Cycle: 164 of 200
 Pop: 1000000 -> 1001166
 Elapsed time:   0:08:58
 End time:       0:10:56
 Time to end:    0:01:58
 k-eff (implicit):  0.51429 +/-  0.00003                               
 ((*>  ><((((*>  ><((((*>  ><((((*>  ><((((*>  ><((((*>  ><((((*>  ><((
 
 Cycle: 165 of 200
 Pop: 1000000 -> 999465
 Elapsed time:   0:09:02
 End time:       0:10:56
 Time to end:    0:01:54
 k-eff (implicit):  0.51428 +/-  0.00003                               
 (((*>  ><((((*>  ><((((*>  ><((((*>  ><((((*>  ><((((*>  ><((((*>  ><(
 
 Cycle: 166 of 200
 Pop: 1000000 -> 999518
 Elapsed time:   0:09:05
 End time:       0:10:57
 Time to end:    0:01:51
 k-eff (implicit):  0.51428 +/-  0.00003                               
 ((((*>  ><((((*>  ><((((*>  ><((((*>  ><((((*>  ><((((*>  ><((((*>  ><
 
 Cycle: 167 of 200
 Pop: 1000000 -> 999917
 Elapsed time:   0:09:08
 End time:       0:10:57
 Time to end:    0:01:48
 k-eff (implicit):  0.51429 +/-  0.00003                               
 <((((*>  ><((((*>  ><((((*>  ><((((*>  ><((((*>  ><((((*>  ><((((*>  >
 
 Cycle: 168 of 200
 Pop: 1000000 -> 1000824
 Elapsed time:   0:09:11
 End time:       0:10:56
 Time to end:    0:01:45
 k-eff (implicit):  0.51429 +/-  0.00003                               
 ><((((*>  ><((((*>  ><((((*>  ><((((*>  ><((((*>  ><((((*>  ><((((*>  
 
 Cycle: 169 of 200
 Pop: 1000000 -> 1001055
 Elapsed time:   0:09:15
 End time:       0:10:56
 Time to end:    0:01:41
 k-eff (implicit):  0.51429 +/-  0.00003                               
  ><((((*>  ><((((*>  ><((((*>  ><((((*>  ><((((*>  ><((((*>  ><((((*> 
 
 Cycle: 170 of 200
 Pop: 1000000 -> 998950
 Elapsed time:   0:09:18
 End time:       0:10:56
 Time to end:    0:01:38
 k-eff (implicit):  0.51429 +/-  0.00003                               
   ><((((*>  ><((((*>  ><((((*>  ><((((*>  ><((((*>  ><((((*>  ><((((*>
 
 Cycle: 171 of 200
 Pop: 1000000 -> 1002140
 Elapsed time:   0:09:21
 End time:       0:10:56
 Time to end:    0:01:35
 k-eff (implicit):  0.51429 +/-  0.00003                               
 >  ><((((*>  ><((((*>  ><((((*>  ><((((*>  ><((((*>  ><((((*>  ><((((*
 
 Cycle: 172 of 200
 Pop: 1000000 -> 999141
 Elapsed time:   0:09:24
 End time:       0:10:56
 Time to end:    0:01:31
 k-eff (implicit):  0.51429 +/-  0.00003                               
 *>  ><((((*>  ><((((*>  ><((((*>  ><((((*>  ><((((*>  ><((((*>  ><((((
 
 Cycle: 173 of 200
 Pop: 1000000 -> 998765
 Elapsed time:   0:09:28
 End time:       0:10:57
 Time to end:    0:01:28
 k-eff (implicit):  0.51428 +/-  0.00003                               
 (*>  ><((((*>  ><((((*>  ><((((*>  ><((((*>  ><((((*>  ><((((*>  ><(((
 
 Cycle: 174 of 200
 Pop: 1000000 -> 1001264
 Elapsed time:   0:09:31
 End time:       0:10:56
 Time to end:    0:01:25
 k-eff (implicit):  0.51429 +/-  0.00003                               
 ((*>  ><((((*>  ><((((*>  ><((((*>  ><((((*>  ><((((*>  ><((((*>  ><((
 
 Cycle: 175 of 200
 Pop: 1000000 -> 998529
 Elapsed time:   0:09:34
 End time:       0:10:57
 Time to end:    0:01:22
 k-eff (implicit):  0.51429 +/-  0.00003                               
 (((*>  ><((((*>  ><((((*>  ><((((*>  ><((((*>  ><((((*>  ><((((*>  ><(
 
 Cycle: 176 of 200
 Pop: 1000000 -> 998225
 Elapsed time:   0:09:38
 End time:       0:10:57
 Time to end:    0:01:18
 k-eff (implicit):  0.51429 +/-  0.00003                               
 ((((*>  ><((((*>  ><((((*>  ><((((*>  ><((((*>  ><((((*>  ><((((*>  ><
 
 Cycle: 177 of 200
 Pop: 1000000 -> 1000530
 Elapsed time:   0:09:41
 End time:       0:10:57
 Time to end:    0:01:15
 k-eff (implicit):  0.51429 +/-  0.00003                               
 <((((*>  ><((((*>  ><((((*>  ><((((*>  ><((((*>  ><((((*>  ><((((*>  >
 
 Cycle: 178 of 200
 Pop: 1000000 -> 1001969
 Elapsed time:   0:09:44
 End time:       0:10:56
 Time to end:    0:01:12
 k-eff (implicit):  0.51430 +/-  0.00003                               
 ><((((*>  ><((((*>  ><((((*>  ><((((*>  ><((((*>  ><((((*>  ><((((*>  
 
 Cycle: 179 of 200
 Pop: 1000000 -> 1001685
 Elapsed time:   0:09:47
 End time:       0:10:56
 Time to end:    0:01:08
 k-eff (implicit):  0.51430 +/-  0.00003                               
  ><((((*>  ><((((*>  ><((((*>  ><((((*>  ><((((*>  ><((((*>  ><((((*> 
 
 Cycle: 180 of 200
 Pop: 1000000 -> 998642
 Elapsed time:   0:09:51
 End time:       0:10:56
 Time to end:    0:01:05
 k-eff (implicit):  0.51430 +/-  0.00003                               
   ><((((*>  ><((((*>  ><((((*>  ><((((*>  ><((((*>  ><((((*>  ><((((*>
 
 Cycle: 181 of 200
 Pop: 1000000 -> 997959
 Elapsed time:   0:09:54
 End time:       0:10:57
 Time to end:    0:01:02
 k-eff (implicit):  0.51429 +/-  0.00003                               
 >  ><((((*>  ><((((*>  ><((((*>  ><((((*>  ><((((*>  ><((((*>  ><((((*
 
 Cycle: 182 of 200
 Pop: 1000000 -> 1001515
 Elapsed time:   0:09:57
 End time:       0:10:56
 Time to end:    0:00:59
 k-eff (implicit):  0.51429 +/-  0.00003                               
 *>  ><((((*>  ><((((*>  ><((((*>  ><((((*>  ><((((*>  ><((((*>  ><((((
 
 Cycle: 183 of 200
 Pop: 1000000 -> 1000179
 Elapsed time:   0:10:01
 End time:       0:10:56
 Time to end:    0:00:55
 k-eff (implicit):  0.51430 +/-  0.00003                               
 (*>  ><((((*>  ><((((*>  ><((((*>  ><((((*>  ><((((*>  ><((((*>  ><(((
 
 Cycle: 184 of 200
 Pop: 1000000 -> 1001620
 Elapsed time:   0:10:04
 End time:       0:10:56
 Time to end:    0:00:52
 k-eff (implicit):  0.51430 +/-  0.00003                               
 ((*>  ><((((*>  ><((((*>  ><((((*>  ><((((*>  ><((((*>  ><((((*>  ><((
 
 Cycle: 185 of 200
 Pop: 1000000 -> 1002445
 Elapsed time:   0:10:07
 End time:       0:10:56
 Time to end:    0:00:49
 k-eff (implicit):  0.51430 +/-  0.00003                               
 (((*>  ><((((*>  ><((((*>  ><((((*>  ><((((*>  ><((((*>  ><((((*>  ><(
 
 Cycle: 186 of 200
 Pop: 1000000 -> 1000652
 Elapsed time:   0:10:10
 End time:       0:10:56
 Time to end:    0:00:45
 k-eff (implicit):  0.51431 +/-  0.00003                               
 ((((*>  ><((((*>  ><((((*>  ><((((*>  ><((((*>  ><((((*>  ><((((*>  ><
 
 Cycle: 187 of 200
 Pop: 1000000 -> 1000406
 Elapsed time:   0:10:13
 End time:       0:10:56
 Time to end:    0:00:42
 k-eff (implicit):  0.51431 +/-  0.00003                               
 <((((*>  ><((((*>  ><((((*>  ><((((*>  ><((((*>  ><((((*>  ><((((*>  >
 
 Cycle: 188 of 200
 Pop: 1000000 -> 1002877
 Elapsed time:   0:10:17
 End time:       0:10:56
 Time to end:    0:00:39
 k-eff (implicit):  0.51431 +/-  0.00003                               
 ><((((*>  ><((((*>  ><((((*>  ><((((*>  ><((((*>  ><((((*>  ><((((*>  
 
 Cycle: 189 of 200
 Pop: 1000000 -> 999516
 Elapsed time:   0:10:20
 End time:       0:10:56
 Time to end:    0:00:36
 k-eff (implicit):  0.51431 +/-  0.00003                               
  ><((((*>  ><((((*>  ><((((*>  ><((((*>  ><((((*>  ><((((*>  ><((((*> 
 
 Cycle: 190 of 200
 Pop: 1000000 -> 1000587
 Elapsed time:   0:10:23
 End time:       0:10:56
 Time to end:    0:00:32
 k-eff (implicit):  0.51431 +/-  0.00003                               
   ><((((*>  ><((((*>  ><((((*>  ><((((*>  ><((((*>  ><((((*>  ><((((*>
 
 Cycle: 191 of 200
 Pop: 1000000 -> 1001437
 Elapsed time:   0:10:27
 End time:       0:10:56
 Time to end:    0:00:29
 k-eff (implicit):  0.51431 +/-  0.00003                               
 >  ><((((*>  ><((((*>  ><((((*>  ><((((*>  ><((((*>  ><((((*>  ><((((*
 
 Cycle: 192 of 200
 Pop: 1000000 -> 998640
 Elapsed time:   0:10:30
 End time:       0:10:56
 Time to end:    0:00:26
 k-eff (implicit):  0.51431 +/-  0.00003                               
 *>  ><((((*>  ><((((*>  ><((((*>  ><((((*>  ><((((*>  ><((((*>  ><((((
 
 Cycle: 193 of 200
 Pop: 1000000 -> 999355
 Elapsed time:   0:10:33
 End time:       0:10:56
 Time to end:    0:00:22
 k-eff (implicit):  0.51431 +/-  0.00003                               
 (*>  ><((((*>  ><((((*>  ><((((*>  ><((((*>  ><((((*>  ><((((*>  ><(((
 
 Cycle: 194 of 200
 Pop: 1000000 -> 1000731
 Elapsed time:   0:10:37
 End time:       0:10:56
 Time to end:    0:00:19
 k-eff (implicit):  0.51430 +/-  0.00003                               
 ((*>  ><((((*>  ><((((*>  ><((((*>  ><((((*>  ><((((*>  ><((((*>  ><((
 
 Cycle: 195 of 200
 Pop: 1000000 -> 999144
 Elapsed time:   0:10:40
 End time:       0:10:56
 Time to end:    0:00:16
 k-eff (implicit):  0.51430 +/-  0.00003                               
 (((*>  ><((((*>  ><((((*>  ><((((*>  ><((((*>  ><((((*>  ><((((*>  ><(
 
 Cycle: 196 of 200
 Pop: 1000000 -> 1000258
 Elapsed time:   0:10:43
 End time:       0:10:56
 Time to end:    0:00:13
 k-eff (implicit):  0.51430 +/-  0.00003                               
 ((((*>  ><((((*>  ><((((*>  ><((((*>  ><((((*>  ><((((*>  ><((((*>  ><
 
 Cycle: 197 of 200
 Pop: 1000000 -> 1002028
 Elapsed time:   0:10:46
 End time:       0:10:56
 Time to end:    0:00:09
 k-eff (implicit):  0.51430 +/-  0.00003                               
 <((((*>  ><((((*>  ><((((*>  ><((((*>  ><((((*>  ><((((*>  ><((((*>  >
 
 Cycle: 198 of 200
 Pop: 1000000 -> 996141
 Elapsed time:   0:10:50
 End time:       0:10:56
 Time to end:    0:00:06
 k-eff (implicit):  0.51430 +/-  0.00003                               
 ><((((*>  ><((((*>  ><((((*>  ><((((*>  ><((((*>  ><((((*>  ><((((*>  
 
 Cycle: 199 of 200
 Pop: 1000000 -> 1000559
 Elapsed time:   0:10:53
 End time:       0:10:56
 Time to end:    0:00:03
 k-eff (implicit):  0.51430 +/-  0.00003                               
  ><((((*>  ><((((*>  ><((((*>  ><((((*>  ><((((*>  ><((((*>  ><((((*> 
 
 Cycle: 200 of 200
 Pop: 1000000 -> 1000778
 Elapsed time:   0:10:56
 End time:       0:10:56
 Time to end:    0:00:00
 k-eff (implicit):  0.51430 +/-  0.00003                               
 
 \/\/ END OF EIGENVALUE CALCULATION \/\/
 
 Total calculation time:   0:22:22
 Have a good day and enjoy your results analysis!
